click_id,timestamp,campaign_id,visitor_id,converted
CLK_000001,2026-09-10 03:29:27,CAMP_005,VISITOR_153,False
CLK_000002,2026-08-28 19:50:27,CAMP_005,VISITOR_259,False
CLK_000003,2026-09-05 08:57:27,CAMP_001,VISITOR_295,False
CLK_000004,2026-08-23 01:43:27,CAMP_004,VISITOR_474,False
CLK_000005,2026-09-11 15:39:27,CAMP_002,VISITOR_344,False
CLK_000006,2026-09-09 17:36:27,CAMP_002,VISITOR_487,True
CLK_000007,2026-09-08 18:40:27,CAMP_002,VISITOR_342,False
CLK_000008,2026-09-07 20:06:27,CAMP_001,VISITOR_359,True
CLK_000009,2026-08-28 11:09:27,CAMP_001,VISITOR_297,False
CLK_000010,2026-09-02 02:40:27,CAMP_001,VISITOR_137,False
CLK_000011,2026-08-21 14:31:27,CAMP_002,VISITOR_343,False
CLK_000012,2026-08-31 16:35:27,CAMP_001,VISITOR_268,True
CLK_000013,2026-09-03 21:16:27,CAMP_004,VISITOR_233,True
CLK_000014,2026-08-18 15:14:27,CAMP_001,VISITOR_192,False
CLK_000015,2026-09-08 05:40:27,CAMP_001,VISITOR_217,False
CLK_000016,2026-08-25 14:40:27,CAMP_002,VISITOR_448,False
CLK_000017,2026-08-30 16:12:27,CAMP_003,VISITOR_453,False
CLK_000018,2026-08-24 13:27:27,CAMP_003,VISITOR_465,True
CLK_000019,2026-08-24 18:52:27,CAMP_003,VISITOR_378,True
CLK_000020,2026-08-16 02:32:27,CAMP_005,VISITOR_356,False
CLK_000021,2026-08-26 14:04:27,CAMP_003,VISITOR_222,True
CLK_000022,2026-08-28 19:10:27,CAMP_004,VISITOR_340,False
CLK_000023,2026-08-15 06:01:27,CAMP_002,VISITOR_214,True
CLK_000024,2026-09-02 01:20:27,CAMP_005,VISITOR_181,False
CLK_000025,2026-09-05 17:06:27,CAMP_004,VISITOR_133,False
CLK_000026,2026-08-21 17:35:27,CAMP_004,VISITOR_192,False
CLK_000027,2026-08-23 04:53:27,CAMP_003,VISITOR_223,False
CLK_000028,2026-09-10 16:55:27,CAMP_001,VISITOR_305,False
CLK_000029,2026-08-22 18:43:27,CAMP_004,VISITOR_293,False
CLK_000030,2026-09-12 03:42:27,CAMP_001,VISITOR_363,True
CLK_000031,2026-08-28 21:36:27,CAMP_001,VISITOR_240,False
CLK_000032,2026-09-10 05:09:27,CAMP_001,VISITOR_463,False
CLK_000033,2026-08-18 02:43:27,CAMP_001,VISITOR_136,False
CLK_000034,2026-08-29 11:18:27,CAMP_002,VISITOR_469,False
CLK_000035,2026-08-26 19:21:27,CAMP_003,VISITOR_200,False
CLK_000036,2026-08-31 10:45:27,CAMP_001,VISITOR_178,True
CLK_000037,2026-08-15 09:02:27,CAMP_001,VISITOR_443,False
CLK_000038,2026-08-31 03:26:27,CAMP_005,VISITOR_293,False
CLK_000039,2026-09-07 21:04:27,CAMP_003,VISITOR_122,False
CLK_000040,2026-09-07 20:03:27,CAMP_002,VISITOR_141,False
CLK_000041,2026-08-21 13:39:27,CAMP_003,VISITOR_371,False
CLK_000042,2026-09-03 06:50:27,CAMP_003,VISITOR_254,True
CLK_000043,2026-08-30 09:28:27,CAMP_005,VISITOR_432,True
CLK_000044,2026-09-11 04:36:27,CAMP_004,VISITOR_202,False
CLK_000045,2026-08-27 04:44:27,CAMP_002,VISITOR_247,False
CLK_000046,2026-08-31 23:44:27,CAMP_003,VISITOR_392,False
CLK_000047,2026-08-17 14:46:27,CAMP_005,VISITOR_147,False
CLK_000048,2026-09-03 04:55:27,CAMP_003,VISITOR_132,False
CLK_000049,2026-09-03 17:51:27,CAMP_002,VISITOR_436,False
CLK_000050,2026-09-09 13:05:27,CAMP_004,VISITOR_296,False
CLK_000051,2026-08-20 00:07:27,CAMP_005,VISITOR_228,False
CLK_000052,2026-08-24 08:50:27,CAMP_004,VISITOR_413,True
CLK_000053,2026-09-04 21:07:27,CAMP_005,VISITOR_163,True
CLK_000054,2026-08-19 16:43:27,CAMP_001,VISITOR_100,True
CLK_000055,2026-09-05 18:36:27,CAMP_001,VISITOR_479,False
CLK_000056,2026-09-10 04:52:27,CAMP_004,VISITOR_331,True
CLK_000057,2026-08-30 03:32:27,CAMP_002,VISITOR_364,True
CLK_000058,2026-08-21 23:42:27,CAMP_003,VISITOR_102,True
CLK_000059,2026-08-19 22:43:27,CAMP_001,VISITOR_226,True
CLK_000060,2026-09-03 01:21:27,CAMP_005,VISITOR_434,True
CLK_000061,2026-09-10 16:47:27,CAMP_004,VISITOR_399,False
CLK_000062,2026-09-02 06:29:27,CAMP_005,VISITOR_416,False
CLK_000063,2026-09-09 16:37:27,CAMP_004,VISITOR_409,False
CLK_000064,2026-08-23 15:09:27,CAMP_001,VISITOR_294,True
CLK_000065,2026-08-30 13:13:27,CAMP_004,VISITOR_316,True
CLK_000066,2026-08-28 09:08:27,CAMP_003,VISITOR_257,True
CLK_000067,2026-08-20 02:26:27,CAMP_004,VISITOR_425,False
CLK_000068,2026-08-21 06:09:27,CAMP_002,VISITOR_389,False
CLK_000069,2026-08-21 09:53:27,CAMP_001,VISITOR_433,False
CLK_000070,2026-09-10 00:58:27,CAMP_004,VISITOR_160,False
CLK_000071,2026-08-18 17:42:27,CAMP_004,VISITOR_221,False
CLK_000072,2026-08-26 23:52:27,CAMP_005,VISITOR_334,False
CLK_000073,2026-08-18 00:20:27,CAMP_004,VISITOR_353,False
CLK_000074,2026-08-23 10:49:27,CAMP_002,VISITOR_469,True
CLK_000075,2026-09-10 17:28:27,CAMP_001,VISITOR_293,True
CLK_000076,2026-09-05 03:04:27,CAMP_002,VISITOR_160,False
CLK_000077,2026-08-29 20:11:27,CAMP_002,VISITOR_324,True
CLK_000078,2026-08-28 00:27:27,CAMP_004,VISITOR_355,True
CLK_000079,2026-08-28 20:59:27,CAMP_002,VISITOR_387,False
CLK_000080,2026-08-18 17:55:27,CAMP_003,VISITOR_100,False
CLK_000081,2026-09-04 06:44:27,CAMP_003,VISITOR_299,False
CLK_000082,2026-08-16 13:04:27,CAMP_005,VISITOR_406,False
CLK_000083,2026-08-21 08:54:27,CAMP_001,VISITOR_392,False
CLK_000084,2026-09-05 12:55:27,CAMP_002,VISITOR_160,False
CLK_000085,2026-08-19 00:24:27,CAMP_004,VISITOR_251,False
CLK_000086,2026-09-04 11:46:27,CAMP_005,VISITOR_471,False
CLK_000087,2026-08-23 16:27:27,CAMP_002,VISITOR_474,False
CLK_000088,2026-09-08 12:18:27,CAMP_005,VISITOR_100,False
CLK_000089,2026-08-28 16:27:27,CAMP_005,VISITOR_453,True
CLK_000090,2026-09-07 23:55:27,CAMP_005,VISITOR_296,False
CLK_000091,2026-08-30 07:41:27,CAMP_003,VISITOR_240,False
CLK_000092,2026-08-26 21:08:27,CAMP_003,VISITOR_499,False
CLK_000093,2026-08-20 21:35:27,CAMP_003,VISITOR_179,False
CLK_000094,2026-08-24 01:31:27,CAMP_002,VISITOR_150,False
CLK_000095,2026-08-29 15:14:27,CAMP_004,VISITOR_465,False
CLK_000096,2026-09-13 02:02:27,CAMP_001,VISITOR_195,False
CLK_000097,2026-09-01 14:27:27,CAMP_002,VISITOR_347,False
CLK_000098,2026-08-26 03:06:27,CAMP_001,VISITOR_465,False
CLK_000099,2026-08-16 11:55:27,CAMP_005,VISITOR_444,False
CLK_000100,2026-09-05 08:13:27,CAMP_004,VISITOR_186,False
CLK_000101,2026-08-26 19:26:27,CAMP_003,VISITOR_168,False
CLK_000102,2026-09-04 06:18:27,CAMP_005,VISITOR_245,False
CLK_000103,2026-08-21 18:13:27,CAMP_001,VISITOR_247,False
CLK_000104,2026-08-27 12:09:27,CAMP_004,VISITOR_229,False
CLK_000105,2026-08-25 10:26:27,CAMP_002,VISITOR_140,False
CLK_000106,2026-08-20 16:22:27,CAMP_002,VISITOR_361,False
CLK_000107,2026-08-28 13:16:27,CAMP_001,VISITOR_220,False
CLK_000108,2026-08-29 16:27:27,CAMP_003,VISITOR_315,False
CLK_000109,2026-08-22 19:08:27,CAMP_005,VISITOR_331,True
CLK_000110,2026-08-30 05:39:27,CAMP_003,VISITOR_379,True
CLK_000111,2026-09-11 06:49:27,CAMP_001,VISITOR_458,False
CLK_000112,2026-09-09 15:50:27,CAMP_001,VISITOR_171,False
CLK_000113,2026-08-20 03:42:27,CAMP_004,VISITOR_398,False
CLK_000114,2026-08-18 06:38:27,CAMP_003,VISITOR_376,False
CLK_000115,2026-08-29 15:18:27,CAMP_004,VISITOR_178,True
CLK_000116,2026-08-22 03:10:27,CAMP_005,VISITOR_225,False
CLK_000117,2026-08-26 22:19:27,CAMP_004,VISITOR_306,False
CLK_000118,2026-08-27 05:57:27,CAMP_002,VISITOR_381,True
CLK_000119,2026-09-10 07:28:27,CAMP_001,VISITOR_281,True
CLK_000120,2026-08-16 04:37:27,CAMP_003,VISITOR_286,False
CLK_000121,2026-09-02 06:45:27,CAMP_004,VISITOR_125,False
CLK_000122,2026-08-22 07:31:27,CAMP_001,VISITOR_491,False
CLK_000123,2026-09-09 15:54:27,CAMP_001,VISITOR_479,False
CLK_000124,2026-08-30 20:09:27,CAMP_001,VISITOR_341,True
CLK_000125,2026-08-24 06:20:27,CAMP_004,VISITOR_208,True
CLK_000126,2026-08-31 19:17:27,CAMP_005,VISITOR_423,False
CLK_000127,2026-08-25 00:23:27,CAMP_003,VISITOR_329,False
CLK_000128,2026-09-06 00:32:27,CAMP_003,VISITOR_174,False
CLK_000129,2026-08-20 03:58:27,CAMP_004,VISITOR_450,False
CLK_000130,2026-08-17 07:33:27,CAMP_002,VISITOR_260,False
CLK_000131,2026-08-25 04:38:27,CAMP_001,VISITOR_468,False
CLK_000132,2026-09-13 08:36:27,CAMP_005,VISITOR_354,False
CLK_000133,2026-08-22 01:39:27,CAMP_004,VISITOR_104,True
CLK_000134,2026-08-17 00:51:27,CAMP_004,VISITOR_378,False
CLK_000135,2026-08-31 13:20:27,CAMP_004,VISITOR_477,True
CLK_000136,2026-08-26 07:55:27,CAMP_004,VISITOR_431,True
CLK_000137,2026-08-23 02:16:27,CAMP_004,VISITOR_261,True
CLK_000138,2026-09-02 12:33:27,CAMP_002,VISITOR_362,True
CLK_000139,2026-09-01 02:26:27,CAMP_003,VISITOR_157,False
CLK_000140,2026-09-09 16:20:27,CAMP_002,VISITOR_480,False
CLK_000141,2026-09-05 09:37:27,CAMP_001,VISITOR_265,True
CLK_000142,2026-08-16 10:37:27,CAMP_003,VISITOR_381,True
CLK_000143,2026-08-21 20:48:27,CAMP_002,VISITOR_409,False
CLK_000144,2026-08-25 22:04:27,CAMP_003,VISITOR_420,False
CLK_000145,2026-09-02 10:08:27,CAMP_005,VISITOR_299,False
CLK_000146,2026-08-21 16:58:27,CAMP_003,VISITOR_194,True
CLK_000147,2026-09-08 21:11:27,CAMP_002,VISITOR_462,False
CLK_000148,2026-08-23 15:03:27,CAMP_002,VISITOR_201,False
CLK_000149,2026-09-07 12:34:27,CAMP_001,VISITOR_287,False
CLK_000150,2026-08-16 22:30:27,CAMP_002,VISITOR_144,False
CLK_000151,2026-09-11 02:15:27,CAMP_004,VISITOR_214,True
CLK_000152,2026-08-27 09:20:27,CAMP_001,VISITOR_115,False
CLK_000153,2026-08-18 05:58:27,CAMP_001,VISITOR_403,False
CLK_000154,2026-08-27 22:02:27,CAMP_001,VISITOR_358,False
CLK_000155,2026-09-07 01:29:27,CAMP_005,VISITOR_153,True
CLK_000156,2026-09-13 07:00:27,CAMP_001,VISITOR_294,False
CLK_000157,2026-08-30 03:54:27,CAMP_001,VISITOR_124,False
CLK_000158,2026-08-29 01:16:27,CAMP_004,VISITOR_165,False
CLK_000159,2026-08-17 05:51:27,CAMP_004,VISITOR_133,False
CLK_000160,2026-08-19 11:05:27,CAMP_003,VISITOR_414,False
CLK_000161,2026-08-29 09:00:27,CAMP_004,VISITOR_363,False
CLK_000162,2026-09-04 23:36:27,CAMP_003,VISITOR_301,False
CLK_000163,2026-09-12 00:28:27,CAMP_001,VISITOR_137,False
CLK_000164,2026-09-12 23:29:27,CAMP_004,VISITOR_456,False
CLK_000165,2026-09-05 02:03:27,CAMP_001,VISITOR_367,False
CLK_000166,2026-09-02 19:14:27,CAMP_005,VISITOR_136,False
CLK_000167,2026-08-27 07:15:27,CAMP_003,VISITOR_346,False
CLK_000168,2026-08-19 01:52:27,CAMP_005,VISITOR_433,False
CLK_000169,2026-09-09 11:28:27,CAMP_003,VISITOR_348,False
CLK_000170,2026-08-29 20:26:27,CAMP_003,VISITOR_270,False
CLK_000171,2026-09-01 23:02:27,CAMP_002,VISITOR_140,True
CLK_000172,2026-09-01 08:21:27,CAMP_001,VISITOR_129,True
CLK_000173,2026-09-11 11:06:27,CAMP_001,VISITOR_278,True
CLK_000174,2026-08-22 00:06:27,CAMP_001,VISITOR_254,False
CLK_000175,2026-09-09 23:33:27,CAMP_001,VISITOR_348,False
CLK_000176,2026-08-23 20:35:27,CAMP_003,VISITOR_199,False
CLK_000177,2026-08-24 09:59:27,CAMP_005,VISITOR_430,False
CLK_000178,2026-08-19 01:14:27,CAMP_005,VISITOR_279,False
CLK_000179,2026-09-05 05:01:27,CAMP_003,VISITOR_321,False
CLK_000180,2026-08-26 09:27:27,CAMP_001,VISITOR_410,False
CLK_000181,2026-08-27 02:07:27,CAMP_004,VISITOR_330,False
CLK_000182,2026-08-29 06:30:27,CAMP_002,VISITOR_352,False
CLK_000183,2026-09-03 13:40:27,CAMP_004,VISITOR_428,True
CLK_000184,2026-08-20 01:26:27,CAMP_002,VISITOR_275,False
CLK_000185,2026-09-10 06:50:27,CAMP_001,VISITOR_350,False
CLK_000186,2026-09-02 20:55:27,CAMP_004,VISITOR_362,False
CLK_000187,2026-08-20 02:07:27,CAMP_001,VISITOR_462,False
CLK_000188,2026-09-03 14:33:27,CAMP_004,VISITOR_485,True
CLK_000189,2026-08-21 05:34:27,CAMP_005,VISITOR_287,True
CLK_000190,2026-08-19 14:43:27,CAMP_003,VISITOR_376,False
CLK_000191,2026-08-27 16:46:27,CAMP_003,VISITOR_190,False
CLK_000192,2026-09-09 13:38:27,CAMP_004,VISITOR_154,True
CLK_000193,2026-08-20 03:08:27,CAMP_001,VISITOR_209,False
CLK_000194,2026-08-28 06:58:27,CAMP_002,VISITOR_322,False
CLK_000195,2026-08-23 14:24:27,CAMP_002,VISITOR_451,False
CLK_000196,2026-08-31 07:33:27,CAMP_003,VISITOR_403,True
CLK_000197,2026-09-05 20:10:27,CAMP_004,VISITOR_372,True
CLK_000198,2026-08-18 16:55:27,CAMP_004,VISITOR_466,True
CLK_000199,2026-08-16 08:06:27,CAMP_002,VISITOR_178,False
CLK_000200,2026-09-04 12:27:27,CAMP_001,VISITOR_261,False
CLK_000201,2026-09-12 19:41:27,CAMP_001,VISITOR_221,False
CLK_000202,2026-08-22 20:32:27,CAMP_003,VISITOR_403,False
CLK_000203,2026-08-26 08:01:27,CAMP_001,VISITOR_182,False
CLK_000204,2026-09-03 04:27:27,CAMP_001,VISITOR_187,False
CLK_000205,2026-09-08 22:23:27,CAMP_001,VISITOR_294,False
CLK_000206,2026-09-01 05:08:27,CAMP_005,VISITOR_276,False
CLK_000207,2026-08-20 05:41:27,CAMP_003,VISITOR_101,False
CLK_000208,2026-08-26 08:35:27,CAMP_001,VISITOR_225,True
CLK_000209,2026-09-10 01:51:27,CAMP_004,VISITOR_276,False
CLK_000210,2026-09-03 04:25:27,CAMP_004,VISITOR_148,False
CLK_000211,2026-09-06 03:51:27,CAMP_004,VISITOR_329,False
CLK_000212,2026-08-27 18:36:27,CAMP_003,VISITOR_370,False
CLK_000213,2026-08-30 12:14:27,CAMP_003,VISITOR_110,False
CLK_000214,2026-09-10 00:14:27,CAMP_002,VISITOR_285,False
CLK_000215,2026-08-26 05:23:27,CAMP_001,VISITOR_367,False
CLK_000216,2026-08-26 19:17:27,CAMP_002,VISITOR_196,True
CLK_000217,2026-09-01 23:32:27,CAMP_004,VISITOR_472,False
CLK_000218,2026-08-16 02:24:27,CAMP_001,VISITOR_261,False
CLK_000219,2026-08-28 04:00:27,CAMP_001,VISITOR_240,False
CLK_000220,2026-08-18 05:05:27,CAMP_002,VISITOR_330,False
CLK_000221,2026-09-04 23:55:27,CAMP_002,VISITOR_355,True
CLK_000222,2026-09-06 20:14:27,CAMP_004,VISITOR_367,True
CLK_000223,2026-08-21 02:57:27,CAMP_004,VISITOR_122,True
CLK_000224,2026-09-03 16:16:27,CAMP_005,VISITOR_332,False
CLK_000225,2026-08-27 20:16:27,CAMP_005,VISITOR_345,False
CLK_000226,2026-09-04 07:53:27,CAMP_003,VISITOR_269,False
CLK_000227,2026-09-02 10:12:27,CAMP_002,VISITOR_229,False
CLK_000228,2026-09-13 14:20:27,CAMP_002,VISITOR_240,False
CLK_000229,2026-08-19 07:58:27,CAMP_003,VISITOR_427,False
CLK_000230,2026-08-26 13:35:27,CAMP_002,VISITOR_177,True
CLK_000231,2026-08-24 11:37:27,CAMP_001,VISITOR_213,False
CLK_000232,2026-09-12 23:11:27,CAMP_001,VISITOR_265,False
CLK_000233,2026-09-06 18:24:27,CAMP_003,VISITOR_381,False
CLK_000234,2026-09-08 13:46:27,CAMP_002,VISITOR_123,False
CLK_000235,2026-08-22 00:29:27,CAMP_001,VISITOR_375,False
CLK_000236,2026-08-15 06:32:27,CAMP_005,VISITOR_287,False
CLK_000237,2026-09-11 05:34:27,CAMP_003,VISITOR_182,False
CLK_000238,2026-08-22 10:15:27,CAMP_003,VISITOR_320,True
CLK_000239,2026-08-28 20:21:27,CAMP_003,VISITOR_349,False
CLK_000240,2026-08-18 06:30:27,CAMP_004,VISITOR_285,True
CLK_000241,2026-08-22 12:15:27,CAMP_002,VISITOR_316,False
CLK_000242,2026-09-01 05:45:27,CAMP_002,VISITOR_407,False
CLK_000243,2026-09-08 07:59:27,CAMP_005,VISITOR_413,False
CLK_000244,2026-09-01 17:07:27,CAMP_005,VISITOR_184,False
CLK_000245,2026-08-14 23:56:27,CAMP_004,VISITOR_407,False
CLK_000246,2026-09-02 09:15:27,CAMP_004,VISITOR_220,False
CLK_000247,2026-08-20 08:22:27,CAMP_002,VISITOR_349,False
CLK_000248,2026-08-25 22:09:27,CAMP_002,VISITOR_465,False
CLK_000249,2026-08-25 14:30:27,CAMP_001,VISITOR_360,False
CLK_000250,2026-09-04 01:46:27,CAMP_005,VISITOR_476,True
CLK_000251,2026-08-16 18:12:27,CAMP_001,VISITOR_233,False
CLK_000252,2026-08-22 15:04:27,CAMP_001,VISITOR_388,False
CLK_000253,2026-08-23 18:45:27,CAMP_004,VISITOR_246,True
CLK_000254,2026-08-15 06:32:27,CAMP_003,VISITOR_140,False
CLK_000255,2026-09-12 11:13:27,CAMP_004,VISITOR_426,False
CLK_000256,2026-09-11 00:33:27,CAMP_001,VISITOR_296,True
CLK_000257,2026-08-25 00:30:27,CAMP_003,VISITOR_216,False
CLK_000258,2026-09-12 20:22:27,CAMP_001,VISITOR_110,False
CLK_000259,2026-08-18 01:44:27,CAMP_004,VISITOR_267,False
CLK_000260,2026-08-21 07:59:27,CAMP_004,VISITOR_296,False
CLK_000261,2026-08-30 13:02:27,CAMP_004,VISITOR_206,False
CLK_000262,2026-09-06 23:23:27,CAMP_004,VISITOR_261,False
CLK_000263,2026-08-31 03:38:27,CAMP_004,VISITOR_378,False
CLK_000264,2026-08-20 11:26:27,CAMP_003,VISITOR_239,False
CLK_000265,2026-08-15 11:59:27,CAMP_003,VISITOR_363,False
CLK_000266,2026-08-17 04:55:27,CAMP_003,VISITOR_403,True
CLK_000267,2026-08-25 07:39:27,CAMP_002,VISITOR_123,False
CLK_000268,2026-08-16 19:35:27,CAMP_003,VISITOR_289,False
CLK_000269,2026-08-19 11:49:27,CAMP_002,VISITOR_440,True
CLK_000270,2026-08-21 17:44:27,CAMP_001,VISITOR_298,False
CLK_000271,2026-08-15 04:03:27,CAMP_003,VISITOR_325,False
CLK_000272,2026-08-28 12:57:27,CAMP_005,VISITOR_488,True
CLK_000273,2026-09-04 09:36:27,CAMP_002,VISITOR_414,False
CLK_000274,2026-08-15 09:13:27,CAMP_002,VISITOR_354,False
CLK_000275,2026-09-05 06:21:27,CAMP_004,VISITOR_218,False
CLK_000276,2026-09-07 00:39:27,CAMP_002,VISITOR_441,False
CLK_000277,2026-08-30 18:13:27,CAMP_004,VISITOR_200,False
CLK_000278,2026-08-25 10:57:27,CAMP_004,VISITOR_481,False
CLK_000279,2026-08-27 19:37:27,CAMP_005,VISITOR_259,False
CLK_000280,2026-09-02 20:48:27,CAMP_004,VISITOR_166,False
CLK_000281,2026-09-05 18:03:27,CAMP_003,VISITOR_433,False
CLK_000282,2026-09-11 01:48:27,CAMP_005,VISITOR_496,False
CLK_000283,2026-09-13 01:28:27,CAMP_001,VISITOR_281,False
CLK_000284,2026-09-06 06:48:27,CAMP_005,VISITOR_395,False
CLK_000285,2026-08-20 02:01:27,CAMP_004,VISITOR_398,False
CLK_000286,2026-08-27 12:16:27,CAMP_002,VISITOR_329,False
CLK_000287,2026-08-27 05:38:27,CAMP_004,VISITOR_293,False
CLK_000288,2026-08-25 14:03:27,CAMP_002,VISITOR_190,True
CLK_000289,2026-08-19 03:10:27,CAMP_003,VISITOR_419,False
CLK_000290,2026-09-08 17:22:27,CAMP_001,VISITOR_370,True
CLK_000291,2026-09-13 11:22:27,CAMP_001,VISITOR_162,False
CLK_000292,2026-09-10 01:00:27,CAMP_005,VISITOR_308,True
CLK_000293,2026-09-05 08:09:27,CAMP_004,VISITOR_231,True
CLK_000294,2026-08-15 13:03:27,CAMP_004,VISITOR_183,False
CLK_000295,2026-08-17 10:19:27,CAMP_002,VISITOR_497,False
CLK_000296,2026-08-18 15:10:27,CAMP_001,VISITOR_203,False
CLK_000297,2026-09-02 08:56:27,CAMP_005,VISITOR_142,False
CLK_000298,2026-09-05 03:14:27,CAMP_005,VISITOR_222,False
CLK_000299,2026-08-19 09:38:27,CAMP_004,VISITOR_408,False
CLK_000300,2026-09-13 01:52:27,CAMP_001,VISITOR_287,False
CLK_000301,2026-09-06 11:06:27,CAMP_001,VISITOR_106,False
CLK_000302,2026-09-07 13:56:27,CAMP_002,VISITOR_447,False
CLK_000303,2026-09-03 05:06:27,CAMP_005,VISITOR_327,False
CLK_000304,2026-09-11 19:23:27,CAMP_002,VISITOR_196,True
CLK_000305,2026-09-05 02:33:27,CAMP_003,VISITOR_199,True
CLK_000306,2026-09-03 07:59:27,CAMP_003,VISITOR_381,True
CLK_000307,2026-09-04 11:47:27,CAMP_004,VISITOR_242,False
CLK_000308,2026-09-11 14:00:27,CAMP_001,VISITOR_247,False
CLK_000309,2026-08-18 09:48:27,CAMP_002,VISITOR_278,False
CLK_000310,2026-08-31 12:20:27,CAMP_001,VISITOR_441,False
CLK_000311,2026-09-12 12:01:27,CAMP_002,VISITOR_477,False
CLK_000312,2026-08-29 02:49:27,CAMP_002,VISITOR_466,False
CLK_000313,2026-09-04 09:33:27,CAMP_004,VISITOR_273,False
CLK_000314,2026-08-21 19:05:27,CAMP_002,VISITOR_211,False
CLK_000315,2026-08-23 21:18:27,CAMP_003,VISITOR_388,True
CLK_000316,2026-09-04 18:32:27,CAMP_002,VISITOR_124,True
CLK_000317,2026-08-17 18:18:27,CAMP_003,VISITOR_367,False
CLK_000318,2026-08-28 23:20:27,CAMP_004,VISITOR_393,False
CLK_000319,2026-08-20 18:20:27,CAMP_001,VISITOR_121,False
CLK_000320,2026-09-04 14:59:27,CAMP_003,VISITOR_355,False
CLK_000321,2026-09-09 23:51:27,CAMP_001,VISITOR_192,False
CLK_000322,2026-08-18 15:40:27,CAMP_002,VISITOR_408,False
CLK_000323,2026-08-27 12:35:27,CAMP_003,VISITOR_493,True
CLK_000324,2026-09-10 03:41:27,CAMP_002,VISITOR_209,False
CLK_000325,2026-09-06 21:26:27,CAMP_005,VISITOR_159,False
CLK_000326,2026-09-10 05:49:27,CAMP_003,VISITOR_195,False
CLK_000327,2026-09-07 08:56:27,CAMP_003,VISITOR_161,True
CLK_000328,2026-08-17 18:56:27,CAMP_005,VISITOR_228,False
CLK_000329,2026-08-23 09:48:27,CAMP_001,VISITOR_182,True
CLK_000330,2026-08-27 22:51:27,CAMP_001,VISITOR_281,False
CLK_000331,2026-08-26 07:43:27,CAMP_005,VISITOR_445,False
CLK_000332,2026-08-26 07:01:27,CAMP_005,VISITOR_496,False
CLK_000333,2026-08-23 19:33:27,CAMP_002,VISITOR_260,False
CLK_000334,2026-08-23 15:06:27,CAMP_001,VISITOR_228,False
CLK_000335,2026-09-09 13:48:27,CAMP_003,VISITOR_496,False
CLK_000336,2026-08-22 15:29:27,CAMP_001,VISITOR_370,True
CLK_000337,2026-08-28 09:35:27,CAMP_002,VISITOR_276,False
CLK_000338,2026-08-16 19:03:27,CAMP_005,VISITOR_469,False
CLK_000339,2026-09-05 23:13:27,CAMP_001,VISITOR_492,False
CLK_000340,2026-08-26 08:13:27,CAMP_002,VISITOR_320,False
CLK_000341,2026-08-31 22:52:27,CAMP_003,VISITOR_237,True
CLK_000342,2026-08-26 04:38:27,CAMP_001,VISITOR_471,False
CLK_000343,2026-08-14 20:42:27,CAMP_002,VISITOR_286,False
CLK_000344,2026-08-19 11:21:27,CAMP_003,VISITOR_253,False
CLK_000345,2026-08-30 03:52:27,CAMP_004,VISITOR_309,False
CLK_000346,2026-08-25 21:05:27,CAMP_005,VISITOR_129,False
CLK_000347,2026-08-17 22:57:27,CAMP_005,VISITOR_440,False
CLK_000348,2026-08-30 05:36:27,CAMP_001,VISITOR_251,False
CLK_000349,2026-09-08 18:16:27,CAMP_004,VISITOR_500,True
CLK_000350,2026-09-01 11:03:27,CAMP_002,VISITOR_336,True
CLK_000351,2026-09-12 09:13:27,CAMP_004,VISITOR_163,False
CLK_000352,2026-09-09 07:47:27,CAMP_002,VISITOR_242,False
CLK_000353,2026-08-23 08:30:27,CAMP_003,VISITOR_497,False
CLK_000354,2026-09-01 02:50:27,CAMP_002,VISITOR_138,False
CLK_000355,2026-08-26 17:50:27,CAMP_002,VISITOR_247,False
CLK_000356,2026-09-07 06:19:27,CAMP_005,VISITOR_449,True
CLK_000357,2026-09-08 21:26:27,CAMP_005,VISITOR_366,False
CLK_000358,2026-08-24 19:21:27,CAMP_005,VISITOR_174,False
CLK_000359,2026-09-09 17:51:27,CAMP_005,VISITOR_345,False
CLK_000360,2026-08-20 18:53:27,CAMP_004,VISITOR_180,False
CLK_000361,2026-09-03 15:48:27,CAMP_004,VISITOR_373,True
CLK_000362,2026-09-08 20:08:27,CAMP_003,VISITOR_193,False
CLK_000363,2026-08-20 01:29:27,CAMP_001,VISITOR_220,False
CLK_000364,2026-08-17 22:09:27,CAMP_005,VISITOR_103,False
CLK_000365,2026-09-13 12:12:27,CAMP_002,VISITOR_457,False
CLK_000366,2026-08-27 04:17:27,CAMP_002,VISITOR_134,True
CLK_000367,2026-08-23 03:43:27,CAMP_002,VISITOR_500,True
CLK_000368,2026-08-18 03:22:27,CAMP_002,VISITOR_173,True
CLK_000369,2026-08-15 03:45:27,CAMP_002,VISITOR_154,True
CLK_000370,2026-08-22 18:51:27,CAMP_005,VISITOR_141,False
CLK_000371,2026-08-17 22:16:27,CAMP_004,VISITOR_194,False
CLK_000372,2026-08-28 09:09:27,CAMP_002,VISITOR_358,False
CLK_000373,2026-08-24 17:32:27,CAMP_002,VISITOR_353,False
CLK_000374,2026-09-02 17:34:27,CAMP_001,VISITOR_213,False
CLK_000375,2026-09-12 16:38:27,CAMP_003,VISITOR_215,True
CLK_000376,2026-08-18 02:55:27,CAMP_005,VISITOR_389,False
CLK_000377,2026-09-02 02:45:27,CAMP_003,VISITOR_125,False
CLK_000378,2026-08-30 03:15:27,CAMP_002,VISITOR_167,False
CLK_000379,2026-08-31 09:34:27,CAMP_004,VISITOR_204,False
CLK_000380,2026-08-25 10:57:27,CAMP_005,VISITOR_432,False
CLK_000381,2026-08-17 10:49:27,CAMP_005,VISITOR_467,False
CLK_000382,2026-09-02 00:49:27,CAMP_004,VISITOR_192,False
CLK_000383,2026-08-15 12:15:27,CAMP_001,VISITOR_448,False
CLK_000384,2026-08-22 00:05:27,CAMP_001,VISITOR_461,False
CLK_000385,2026-08-22 01:33:27,CAMP_002,VISITOR_469,True
CLK_000386,2026-08-24 13:21:27,CAMP_005,VISITOR_171,True
CLK_000387,2026-09-05 14:11:27,CAMP_005,VISITOR_386,False
CLK_000388,2026-08-25 01:11:27,CAMP_005,VISITOR_203,False
CLK_000389,2026-09-04 05:49:27,CAMP_005,VISITOR_247,False
CLK_000390,2026-08-31 11:29:27,CAMP_002,VISITOR_276,False
CLK_000391,2026-08-24 10:46:27,CAMP_005,VISITOR_423,False
CLK_000392,2026-09-09 17:03:27,CAMP_002,VISITOR_212,False
CLK_000393,2026-08-24 03:29:27,CAMP_001,VISITOR_305,False
CLK_000394,2026-09-11 02:43:27,CAMP_002,VISITOR_161,True
CLK_000395,2026-09-04 20:35:27,CAMP_001,VISITOR_182,False
CLK_000396,2026-08-31 13:02:27,CAMP_003,VISITOR_139,False
CLK_000397,2026-08-24 20:46:27,CAMP_003,VISITOR_156,False
CLK_000398,2026-08-15 10:39:27,CAMP_004,VISITOR_253,False
CLK_000399,2026-08-31 23:47:27,CAMP_001,VISITOR_431,True
CLK_000400,2026-08-19 17:26:27,CAMP_003,VISITOR_478,False
CLK_000401,2026-08-23 01:07:27,CAMP_002,VISITOR_299,False
CLK_000402,2026-09-01 22:47:27,CAMP_001,VISITOR_413,False
CLK_000403,2026-08-18 22:42:27,CAMP_003,VISITOR_105,True
CLK_000404,2026-09-07 08:50:27,CAMP_003,VISITOR_245,False
CLK_000405,2026-09-05 22:29:27,CAMP_001,VISITOR_163,True
CLK_000406,2026-08-24 15:33:27,CAMP_005,VISITOR_427,False
CLK_000407,2026-08-27 12:22:27,CAMP_003,VISITOR_318,False
CLK_000408,2026-09-08 12:19:27,CAMP_003,VISITOR_466,False
CLK_000409,2026-08-22 17:36:27,CAMP_002,VISITOR_332,False
CLK_000410,2026-08-27 22:48:27,CAMP_003,VISITOR_345,True
CLK_000411,2026-08-18 08:06:27,CAMP_002,VISITOR_435,True
CLK_000412,2026-08-16 14:23:27,CAMP_002,VISITOR_460,False
CLK_000413,2026-09-11 17:32:27,CAMP_003,VISITOR_335,False
CLK_000414,2026-09-11 05:49:27,CAMP_003,VISITOR_375,True
CLK_000415,2026-09-09 06:27:27,CAMP_005,VISITOR_402,False
CLK_000416,2026-09-02 00:15:27,CAMP_004,VISITOR_211,False
CLK_000417,2026-09-02 18:00:27,CAMP_005,VISITOR_209,False
CLK_000418,2026-08-15 14:42:27,CAMP_003,VISITOR_284,True
CLK_000419,2026-09-02 05:55:27,CAMP_004,VISITOR_117,False
CLK_000420,2026-09-04 09:33:27,CAMP_004,VISITOR_468,False
CLK_000421,2026-08-28 14:42:27,CAMP_004,VISITOR_220,False
CLK_000422,2026-09-01 20:05:27,CAMP_004,VISITOR_321,False
CLK_000423,2026-08-20 12:54:27,CAMP_003,VISITOR_300,False
CLK_000424,2026-08-19 22:20:27,CAMP_005,VISITOR_157,True
CLK_000425,2026-09-04 14:51:27,CAMP_001,VISITOR_306,False
CLK_000426,2026-08-18 12:01:27,CAMP_002,VISITOR_281,False
CLK_000427,2026-08-28 10:27:27,CAMP_003,VISITOR_226,False
CLK_000428,2026-09-03 12:21:27,CAMP_004,VISITOR_498,False
CLK_000429,2026-08-16 08:12:27,CAMP_003,VISITOR_214,True
CLK_000430,2026-08-24 01:03:27,CAMP_005,VISITOR_377,True
CLK_000431,2026-08-22 17:33:27,CAMP_001,VISITOR_410,False
CLK_000432,2026-08-23 03:58:27,CAMP_005,VISITOR_228,True
CLK_000433,2026-08-30 16:07:27,CAMP_003,VISITOR_224,False
CLK_000434,2026-09-01 19:03:27,CAMP_005,VISITOR_430,True
CLK_000435,2026-08-20 16:13:27,CAMP_001,VISITOR_263,False
CLK_000436,2026-09-07 10:45:27,CAMP_003,VISITOR_102,False
CLK_000437,2026-09-09 22:26:27,CAMP_005,VISITOR_340,False
CLK_000438,2026-08-26 05:01:27,CAMP_004,VISITOR_220,False
CLK_000439,2026-08-31 08:11:27,CAMP_003,VISITOR_336,False
CLK_000440,2026-08-24 23:09:27,CAMP_002,VISITOR_420,False
CLK_000441,2026-08-26 00:44:27,CAMP_005,VISITOR_336,False
CLK_000442,2026-08-28 08:20:27,CAMP_005,VISITOR_228,False
CLK_000443,2026-09-01 00:26:27,CAMP_001,VISITOR_365,False
CLK_000444,2026-09-07 20:44:27,CAMP_001,VISITOR_229,False
CLK_000445,2026-09-12 23:57:27,CAMP_005,VISITOR_487,False
CLK_000446,2026-08-31 14:01:27,CAMP_005,VISITOR_172,False
CLK_000447,2026-08-21 11:38:27,CAMP_004,VISITOR_368,True
CLK_000448,2026-09-05 04:39:27,CAMP_001,VISITOR_388,True
CLK_000449,2026-09-07 03:18:27,CAMP_003,VISITOR_341,True
CLK_000450,2026-08-23 06:38:27,CAMP_004,VISITOR_322,False
CLK_000451,2026-09-08 00:00:27,CAMP_001,VISITOR_390,False
CLK_000452,2026-08-16 20:05:27,CAMP_001,VISITOR_303,False
CLK_000453,2026-09-07 22:54:27,CAMP_004,VISITOR_108,False
CLK_000454,2026-08-29 19:08:27,CAMP_002,VISITOR_489,False
CLK_000455,2026-09-02 23:00:27,CAMP_004,VISITOR_411,False
CLK_000456,2026-09-10 21:55:27,CAMP_001,VISITOR_331,False
CLK_000457,2026-08-20 15:13:27,CAMP_003,VISITOR_104,False
CLK_000458,2026-09-12 11:11:27,CAMP_005,VISITOR_129,False
CLK_000459,2026-08-26 05:46:27,CAMP_003,VISITOR_257,False
CLK_000460,2026-09-08 18:12:27,CAMP_003,VISITOR_259,False
CLK_000461,2026-08-30 21:18:27,CAMP_003,VISITOR_159,False
CLK_000462,2026-08-14 18:04:27,CAMP_003,VISITOR_465,False
CLK_000463,2026-09-04 10:52:27,CAMP_003,VISITOR_279,False
CLK_000464,2026-09-04 21:46:27,CAMP_005,VISITOR_147,True
CLK_000465,2026-08-21 21:03:27,CAMP_002,VISITOR_472,False
CLK_000466,2026-08-20 06:08:27,CAMP_003,VISITOR_349,False
CLK_000467,2026-09-06 02:35:27,CAMP_002,VISITOR_104,False
CLK_000468,2026-08-20 09:10:27,CAMP_004,VISITOR_469,False
CLK_000469,2026-08-21 11:12:27,CAMP_001,VISITOR_208,False
CLK_000470,2026-09-13 02:30:27,CAMP_004,VISITOR_468,False
CLK_000471,2026-08-15 10:34:27,CAMP_002,VISITOR_309,True
CLK_000472,2026-09-03 17:19:27,CAMP_004,VISITOR_345,False
CLK_000473,2026-09-03 07:11:27,CAMP_004,VISITOR_254,False
CLK_000474,2026-09-06 03:02:27,CAMP_001,VISITOR_111,False
CLK_000475,2026-09-04 18:54:27,CAMP_005,VISITOR_165,False
CLK_000476,2026-09-02 23:48:27,CAMP_004,VISITOR_423,False
CLK_000477,2026-08-18 21:47:27,CAMP_004,VISITOR_500,False
CLK_000478,2026-08-21 00:11:27,CAMP_005,VISITOR_433,False
CLK_000479,2026-08-25 05:41:27,CAMP_002,VISITOR_200,False
CLK_000480,2026-09-03 11:06:27,CAMP_004,VISITOR_371,False
CLK_000481,2026-08-28 22:54:27,CAMP_005,VISITOR_365,False
CLK_000482,2026-09-10 22:55:27,CAMP_004,VISITOR_118,False
CLK_000483,2026-08-20 06:24:27,CAMP_001,VISITOR_408,False
CLK_000484,2026-09-10 12:01:27,CAMP_004,VISITOR_101,False
CLK_000485,2026-09-04 09:37:27,CAMP_004,VISITOR_186,False
CLK_000486,2026-09-05 09:39:27,CAMP_002,VISITOR_123,False
CLK_000487,2026-08-17 22:42:27,CAMP_002,VISITOR_460,True
CLK_000488,2026-09-05 22:02:27,CAMP_005,VISITOR_232,False
CLK_000489,2026-09-11 22:45:27,CAMP_001,VISITOR_362,False
CLK_000490,2026-09-12 04:34:27,CAMP_005,VISITOR_194,True
CLK_000491,2026-09-06 17:00:27,CAMP_005,VISITOR_115,False
CLK_000492,2026-08-26 09:51:27,CAMP_003,VISITOR_296,True
CLK_000493,2026-09-08 23:22:27,CAMP_005,VISITOR_417,False
CLK_000494,2026-09-01 00:50:27,CAMP_004,VISITOR_243,False
CLK_000495,2026-08-21 19:52:27,CAMP_005,VISITOR_155,True
CLK_000496,2026-09-01 17:22:27,CAMP_002,VISITOR_227,True
CLK_000497,2026-08-18 05:09:27,CAMP_005,VISITOR_310,False
CLK_000498,2026-08-17 17:07:27,CAMP_001,VISITOR_280,False
CLK_000499,2026-09-07 17:32:27,CAMP_002,VISITOR_429,False
CLK_000500,2026-08-25 02:18:27,CAMP_003,VISITOR_289,True
CLK_000501,2026-09-03 20:25:27,CAMP_001,VISITOR_246,False
CLK_000502,2026-08-22 00:20:27,CAMP_004,VISITOR_135,True
CLK_000503,2026-09-05 14:26:27,CAMP_001,VISITOR_113,False
CLK_000504,2026-09-07 19:40:27,CAMP_004,VISITOR_227,False
CLK_000505,2026-08-27 21:50:27,CAMP_002,VISITOR_291,True
CLK_000506,2026-08-28 04:25:27,CAMP_001,VISITOR_396,False
CLK_000507,2026-09-03 04:15:27,CAMP_001,VISITOR_211,False
CLK_000508,2026-08-17 11:17:27,CAMP_001,VISITOR_475,False
CLK_000509,2026-08-23 23:56:27,CAMP_004,VISITOR_329,False
CLK_000510,2026-08-19 01:37:27,CAMP_001,VISITOR_315,False
CLK_000511,2026-08-31 04:18:27,CAMP_005,VISITOR_400,False
CLK_000512,2026-08-22 12:11:27,CAMP_001,VISITOR_449,True
CLK_000513,2026-08-25 03:48:27,CAMP_002,VISITOR_491,True
CLK_000514,2026-09-05 10:46:27,CAMP_004,VISITOR_471,False
CLK_000515,2026-08-24 21:14:27,CAMP_002,VISITOR_413,True
CLK_000516,2026-08-18 02:29:27,CAMP_003,VISITOR_219,False
CLK_000517,2026-08-20 20:10:27,CAMP_001,VISITOR_308,False
CLK_000518,2026-08-26 21:33:27,CAMP_002,VISITOR_338,True
CLK_000519,2026-09-05 09:24:27,CAMP_002,VISITOR_237,False
CLK_000520,2026-08-27 21:05:27,CAMP_001,VISITOR_195,False
CLK_000521,2026-09-07 02:45:27,CAMP_002,VISITOR_263,False
CLK_000522,2026-08-30 23:46:27,CAMP_004,VISITOR_146,False
CLK_000523,2026-09-05 18:23:27,CAMP_003,VISITOR_283,False
CLK_000524,2026-09-01 23:45:27,CAMP_002,VISITOR_298,False
CLK_000525,2026-09-05 20:18:27,CAMP_005,VISITOR_367,False
CLK_000526,2026-09-12 05:21:27,CAMP_004,VISITOR_249,False
CLK_000527,2026-09-12 07:47:27,CAMP_002,VISITOR_278,False
CLK_000528,2026-09-09 14:30:27,CAMP_005,VISITOR_286,True
CLK_000529,2026-09-04 07:30:27,CAMP_004,VISITOR_195,False
CLK_000530,2026-08-27 00:26:27,CAMP_002,VISITOR_472,False
CLK_000531,2026-08-18 23:05:27,CAMP_005,VISITOR_345,True
CLK_000532,2026-08-25 01:29:27,CAMP_005,VISITOR_458,False
CLK_000533,2026-08-23 11:49:27,CAMP_005,VISITOR_113,False
CLK_000534,2026-09-02 00:55:27,CAMP_001,VISITOR_257,False
CLK_000535,2026-08-24 06:04:27,CAMP_003,VISITOR_284,False
CLK_000536,2026-09-06 19:09:27,CAMP_004,VISITOR_157,False
CLK_000537,2026-09-07 12:15:27,CAMP_002,VISITOR_261,False
CLK_000538,2026-09-12 19:43:27,CAMP_002,VISITOR_255,False
CLK_000539,2026-09-06 08:46:27,CAMP_005,VISITOR_284,True
CLK_000540,2026-08-28 22:41:27,CAMP_003,VISITOR_235,False
CLK_000541,2026-09-10 22:13:27,CAMP_002,VISITOR_122,True
CLK_000542,2026-08-16 17:01:27,CAMP_003,VISITOR_187,False
CLK_000543,2026-08-27 13:20:27,CAMP_002,VISITOR_469,False
CLK_000544,2026-08-15 12:27:27,CAMP_004,VISITOR_297,False
CLK_000545,2026-08-16 22:17:27,CAMP_004,VISITOR_339,True
CLK_000546,2026-08-15 02:38:27,CAMP_005,VISITOR_146,False
CLK_000547,2026-08-21 17:10:27,CAMP_004,VISITOR_163,True
CLK_000548,2026-08-30 17:49:27,CAMP_001,VISITOR_121,False
CLK_000549,2026-08-24 14:26:27,CAMP_004,VISITOR_367,False
CLK_000550,2026-08-23 17:28:27,CAMP_004,VISITOR_402,False
CLK_000551,2026-09-05 14:55:27,CAMP_001,VISITOR_409,False
CLK_000552,2026-08-24 02:00:27,CAMP_003,VISITOR_285,False
CLK_000553,2026-08-26 03:03:27,CAMP_001,VISITOR_438,False
CLK_000554,2026-08-20 19:13:27,CAMP_002,VISITOR_156,True
CLK_000555,2026-08-23 12:03:27,CAMP_001,VISITOR_180,True
CLK_000556,2026-08-23 00:56:27,CAMP_001,VISITOR_248,True
CLK_000557,2026-09-02 08:48:27,CAMP_001,VISITOR_327,False
CLK_000558,2026-09-03 07:11:27,CAMP_003,VISITOR_239,True
CLK_000559,2026-08-28 04:35:27,CAMP_001,VISITOR_256,False
CLK_000560,2026-09-03 08:46:27,CAMP_002,VISITOR_129,False
CLK_000561,2026-08-30 00:15:27,CAMP_001,VISITOR_469,True
CLK_000562,2026-09-13 14:56:27,CAMP_005,VISITOR_237,True
CLK_000563,2026-09-06 08:53:27,CAMP_001,VISITOR_284,True
CLK_000564,2026-08-21 06:59:27,CAMP_001,VISITOR_111,True
CLK_000565,2026-09-13 09:42:27,CAMP_002,VISITOR_204,True
CLK_000566,2026-09-03 02:15:27,CAMP_004,VISITOR_452,True
CLK_000567,2026-08-31 21:20:27,CAMP_001,VISITOR_476,False
CLK_000568,2026-08-24 11:27:27,CAMP_005,VISITOR_305,False
CLK_000569,2026-08-30 10:37:27,CAMP_005,VISITOR_408,False
CLK_000570,2026-09-07 20:15:27,CAMP_005,VISITOR_470,False
CLK_000571,2026-09-03 17:25:27,CAMP_001,VISITOR_500,True
CLK_000572,2026-09-12 21:28:27,CAMP_004,VISITOR_245,True
CLK_000573,2026-08-23 07:46:27,CAMP_003,VISITOR_401,False
CLK_000574,2026-08-18 09:11:27,CAMP_001,VISITOR_158,True
CLK_000575,2026-08-18 23:57:27,CAMP_004,VISITOR_137,True
CLK_000576,2026-08-27 20:34:27,CAMP_004,VISITOR_117,False
CLK_000577,2026-09-10 04:12:27,CAMP_001,VISITOR_191,False
CLK_000578,2026-08-15 11:06:27,CAMP_001,VISITOR_441,False
CLK_000579,2026-08-22 21:20:27,CAMP_003,VISITOR_205,False
CLK_000580,2026-09-03 17:11:27,CAMP_004,VISITOR_324,False
CLK_000581,2026-08-25 13:46:27,CAMP_005,VISITOR_209,False
CLK_000582,2026-08-16 15:31:27,CAMP_005,VISITOR_316,False
CLK_000583,2026-09-05 04:43:27,CAMP_003,VISITOR_460,False
CLK_000584,2026-08-26 03:33:27,CAMP_002,VISITOR_230,False
CLK_000585,2026-08-28 08:11:27,CAMP_003,VISITOR_396,False
CLK_000586,2026-08-30 19:00:27,CAMP_005,VISITOR_417,False
CLK_000587,2026-09-07 07:41:27,CAMP_002,VISITOR_395,True
CLK_000588,2026-08-15 11:15:27,CAMP_001,VISITOR_434,False
CLK_000589,2026-09-02 10:42:27,CAMP_002,VISITOR_110,True
CLK_000590,2026-08-17 02:08:27,CAMP_001,VISITOR_214,True
CLK_000591,2026-08-21 02:16:27,CAMP_005,VISITOR_361,True
CLK_000592,2026-09-12 13:02:27,CAMP_003,VISITOR_105,True
CLK_000593,2026-09-06 22:41:27,CAMP_003,VISITOR_370,False
CLK_000594,2026-08-28 09:10:27,CAMP_002,VISITOR_165,False
CLK_000595,2026-09-10 00:45:27,CAMP_001,VISITOR_419,True
CLK_000596,2026-09-03 13:10:27,CAMP_004,VISITOR_370,False
CLK_000597,2026-08-29 03:06:27,CAMP_003,VISITOR_444,False
CLK_000598,2026-08-30 01:27:27,CAMP_004,VISITOR_448,False
CLK_000599,2026-09-06 09:56:27,CAMP_004,VISITOR_393,True
CLK_000600,2026-09-10 14:22:27,CAMP_002,VISITOR_271,False
CLK_000601,2026-08-28 05:47:27,CAMP_001,VISITOR_322,False
CLK_000602,2026-09-06 06:38:27,CAMP_003,VISITOR_495,True
CLK_000603,2026-09-01 21:59:27,CAMP_003,VISITOR_125,False
CLK_000604,2026-09-13 11:06:27,CAMP_001,VISITOR_364,False
CLK_000605,2026-09-09 22:02:27,CAMP_004,VISITOR_297,False
CLK_000606,2026-09-10 07:12:27,CAMP_001,VISITOR_213,False
CLK_000607,2026-08-17 04:49:27,CAMP_001,VISITOR_297,True
CLK_000608,2026-09-08 13:26:27,CAMP_001,VISITOR_177,False
CLK_000609,2026-08-14 20:18:27,CAMP_005,VISITOR_493,True
CLK_000610,2026-08-15 18:50:27,CAMP_003,VISITOR_397,True
CLK_000611,2026-09-06 17:22:27,CAMP_003,VISITOR_313,True
CLK_000612,2026-09-01 16:18:27,CAMP_001,VISITOR_121,False
CLK_000613,2026-08-24 09:54:27,CAMP_004,VISITOR_433,True
CLK_000614,2026-08-20 11:20:27,CAMP_004,VISITOR_179,False
CLK_000615,2026-08-23 10:43:27,CAMP_003,VISITOR_280,True
CLK_000616,2026-08-27 18:34:27,CAMP_005,VISITOR_143,True
CLK_000617,2026-08-26 03:34:27,CAMP_004,VISITOR_370,False
CLK_000618,2026-09-02 10:59:27,CAMP_005,VISITOR_278,False
CLK_000619,2026-08-22 08:53:27,CAMP_002,VISITOR_473,True
CLK_000620,2026-09-02 03:47:27,CAMP_001,VISITOR_113,False
CLK_000621,2026-08-30 11:49:27,CAMP_001,VISITOR_457,False
CLK_000622,2026-09-10 19:20:27,CAMP_004,VISITOR_234,True
CLK_000623,2026-09-09 05:53:27,CAMP_005,VISITOR_179,False
CLK_000624,2026-09-08 14:27:27,CAMP_001,VISITOR_359,False
CLK_000625,2026-09-13 14:40:27,CAMP_002,VISITOR_341,False
CLK_000626,2026-09-12 02:13:27,CAMP_005,VISITOR_210,False
CLK_000627,2026-09-05 22:04:27,CAMP_002,VISITOR_299,False
CLK_000628,2026-09-10 16:09:27,CAMP_002,VISITOR_436,False
CLK_000629,2026-09-08 23:16:27,CAMP_001,VISITOR_267,False
CLK_000630,2026-08-31 06:31:27,CAMP_001,VISITOR_146,False
CLK_000631,2026-09-04 06:25:27,CAMP_004,VISITOR_350,False
CLK_000632,2026-08-26 23:37:27,CAMP_005,VISITOR_102,True
CLK_000633,2026-09-06 10:20:27,CAMP_002,VISITOR_387,False
CLK_000634,2026-08-21 10:46:27,CAMP_003,VISITOR_448,False
CLK_000635,2026-08-14 23:56:27,CAMP_002,VISITOR_230,False
CLK_000636,2026-08-26 21:44:27,CAMP_003,VISITOR_115,False
CLK_000637,2026-08-26 10:44:27,CAMP_001,VISITOR_411,False
CLK_000638,2026-09-08 16:53:27,CAMP_001,VISITOR_377,False
CLK_000639,2026-08-23 07:10:27,CAMP_001,VISITOR_324,False
CLK_000640,2026-08-21 01:35:27,CAMP_003,VISITOR_280,False
CLK_000641,2026-08-30 19:04:27,CAMP_004,VISITOR_485,True
CLK_000642,2026-08-26 15:13:27,CAMP_005,VISITOR_272,False
CLK_000643,2026-09-01 04:01:27,CAMP_001,VISITOR_230,True
CLK_000644,2026-08-25 16:37:27,CAMP_001,VISITOR_167,True
CLK_000645,2026-08-24 08:52:27,CAMP_002,VISITOR_159,True
CLK_000646,2026-08-28 21:29:27,CAMP_001,VISITOR_125,False
CLK_000647,2026-09-05 20:17:27,CAMP_004,VISITOR_389,False
CLK_000648,2026-08-26 23:30:27,CAMP_004,VISITOR_395,False
CLK_000649,2026-09-09 21:38:27,CAMP_001,VISITOR_225,False
CLK_000650,2026-09-12 10:33:27,CAMP_002,VISITOR_464,False
CLK_000651,2026-08-14 18:56:27,CAMP_003,VISITOR_156,True
CLK_000652,2026-08-18 02:27:27,CAMP_003,VISITOR_391,False
CLK_000653,2026-09-09 22:33:27,CAMP_003,VISITOR_105,False
CLK_000654,2026-09-05 18:03:27,CAMP_005,VISITOR_275,False
CLK_000655,2026-09-05 06:56:27,CAMP_005,VISITOR_114,False
CLK_000656,2026-08-26 18:33:27,CAMP_001,VISITOR_359,False
CLK_000657,2026-08-16 04:56:27,CAMP_001,VISITOR_486,False
CLK_000658,2026-09-06 01:43:27,CAMP_001,VISITOR_345,True
CLK_000659,2026-09-12 05:10:27,CAMP_005,VISITOR_150,True
CLK_000660,2026-08-16 16:35:27,CAMP_001,VISITOR_496,True
CLK_000661,2026-09-03 16:23:27,CAMP_002,VISITOR_171,False
CLK_000662,2026-08-23 05:26:27,CAMP_003,VISITOR_103,False
CLK_000663,2026-09-03 15:00:27,CAMP_005,VISITOR_304,True
CLK_000664,2026-09-05 08:43:27,CAMP_002,VISITOR_175,True
CLK_000665,2026-09-02 10:45:27,CAMP_001,VISITOR_292,False
CLK_000666,2026-08-23 21:03:27,CAMP_001,VISITOR_193,False
CLK_000667,2026-09-02 11:34:27,CAMP_002,VISITOR_133,False
CLK_000668,2026-09-01 04:10:27,CAMP_004,VISITOR_475,False
CLK_000669,2026-09-07 13:36:27,CAMP_002,VISITOR_138,False
CLK_000670,2026-09-10 03:07:27,CAMP_001,VISITOR_491,True
CLK_000671,2026-08-23 18:34:27,CAMP_003,VISITOR_271,False
CLK_000672,2026-09-10 19:23:27,CAMP_004,VISITOR_364,False
CLK_000673,2026-09-11 06:50:27,CAMP_004,VISITOR_229,True
CLK_000674,2026-09-01 19:37:27,CAMP_003,VISITOR_343,False
CLK_000675,2026-08-20 10:05:27,CAMP_005,VISITOR_181,False
CLK_000676,2026-08-16 19:50:27,CAMP_005,VISITOR_115,False
CLK_000677,2026-09-11 10:15:27,CAMP_002,VISITOR_409,False
CLK_000678,2026-09-10 20:49:27,CAMP_004,VISITOR_449,False
CLK_000679,2026-09-06 12:56:27,CAMP_001,VISITOR_377,False
CLK_000680,2026-08-26 19:28:27,CAMP_005,VISITOR_326,False
CLK_000681,2026-08-30 14:00:27,CAMP_003,VISITOR_435,False
CLK_000682,2026-09-12 07:27:27,CAMP_004,VISITOR_158,False
CLK_000683,2026-08-22 09:44:27,CAMP_002,VISITOR_380,True
CLK_000684,2026-08-17 05:15:27,CAMP_001,VISITOR_449,False
CLK_000685,2026-09-12 14:17:27,CAMP_005,VISITOR_277,False
CLK_000686,2026-08-15 10:35:27,CAMP_004,VISITOR_212,True
CLK_000687,2026-09-09 08:54:27,CAMP_002,VISITOR_252,False
CLK_000688,2026-08-28 09:29:27,CAMP_002,VISITOR_477,False
CLK_000689,2026-08-31 07:35:27,CAMP_005,VISITOR_377,True
CLK_000690,2026-09-10 18:58:27,CAMP_004,VISITOR_374,False
CLK_000691,2026-09-06 16:55:27,CAMP_003,VISITOR_408,True
CLK_000692,2026-08-28 03:11:27,CAMP_005,VISITOR_377,False
CLK_000693,2026-09-06 17:44:27,CAMP_005,VISITOR_120,False
CLK_000694,2026-09-07 21:40:27,CAMP_001,VISITOR_171,False
CLK_000695,2026-09-03 10:20:27,CAMP_003,VISITOR_227,False
CLK_000696,2026-08-28 08:22:27,CAMP_004,VISITOR_465,True
CLK_000697,2026-08-18 02:48:27,CAMP_003,VISITOR_273,True
CLK_000698,2026-09-01 20:34:27,CAMP_002,VISITOR_333,True
CLK_000699,2026-08-18 05:08:27,CAMP_002,VISITOR_370,False
CLK_000700,2026-08-28 03:34:27,CAMP_002,VISITOR_410,False
CLK_000701,2026-08-31 08:00:27,CAMP_004,VISITOR_470,False
CLK_000702,2026-09-11 20:34:27,CAMP_005,VISITOR_304,False
CLK_000703,2026-08-26 18:25:27,CAMP_001,VISITOR_281,True
CLK_000704,2026-08-25 16:17:27,CAMP_005,VISITOR_181,True
CLK_000705,2026-08-16 11:15:27,CAMP_004,VISITOR_495,True
CLK_000706,2026-09-07 19:48:27,CAMP_002,VISITOR_240,False
CLK_000707,2026-08-31 09:20:27,CAMP_003,VISITOR_127,False
CLK_000708,2026-09-12 14:27:27,CAMP_001,VISITOR_389,False
CLK_000709,2026-09-09 07:52:27,CAMP_001,VISITOR_194,False
CLK_000710,2026-08-28 00:26:27,CAMP_004,VISITOR_253,False
CLK_000711,2026-08-27 19:47:27,CAMP_003,VISITOR_182,True
CLK_000712,2026-08-19 12:29:27,CAMP_002,VISITOR_242,False
CLK_000713,2026-09-10 01:10:27,CAMP_002,VISITOR_159,False
CLK_000714,2026-09-02 19:47:27,CAMP_002,VISITOR_292,False
CLK_000715,2026-08-22 05:41:27,CAMP_001,VISITOR_118,True
CLK_000716,2026-08-29 06:37:27,CAMP_005,VISITOR_210,False
CLK_000717,2026-09-02 12:22:27,CAMP_002,VISITOR_194,False
CLK_000718,2026-08-29 13:21:27,CAMP_005,VISITOR_352,True
CLK_000719,2026-09-05 02:28:27,CAMP_003,VISITOR_450,True
CLK_000720,2026-08-21 06:23:27,CAMP_001,VISITOR_429,False
CLK_000721,2026-09-01 17:42:27,CAMP_001,VISITOR_426,False
CLK_000722,2026-08-31 04:16:27,CAMP_004,VISITOR_335,False
CLK_000723,2026-08-15 19:08:27,CAMP_001,VISITOR_438,False
CLK_000724,2026-08-16 04:20:27,CAMP_002,VISITOR_161,False
CLK_000725,2026-08-31 12:53:27,CAMP_002,VISITOR_239,False
CLK_000726,2026-08-20 20:39:27,CAMP_004,VISITOR_448,True
CLK_000727,2026-08-17 06:03:27,CAMP_002,VISITOR_142,False
CLK_000728,2026-08-15 12:28:27,CAMP_001,VISITOR_224,False
CLK_000729,2026-08-30 08:49:27,CAMP_005,VISITOR_469,False
CLK_000730,2026-08-17 04:30:27,CAMP_002,VISITOR_110,True
CLK_000731,2026-09-02 11:40:27,CAMP_001,VISITOR_305,False
CLK_000732,2026-08-18 15:36:27,CAMP_005,VISITOR_264,False
CLK_000733,2026-08-15 08:15:27,CAMP_001,VISITOR_200,False
CLK_000734,2026-08-26 16:35:27,CAMP_005,VISITOR_264,False
CLK_000735,2026-09-08 06:43:27,CAMP_003,VISITOR_181,False
CLK_000736,2026-08-22 13:32:27,CAMP_001,VISITOR_338,True
CLK_000737,2026-09-12 07:08:27,CAMP_004,VISITOR_292,True
CLK_000738,2026-09-04 00:15:27,CAMP_001,VISITOR_236,True
CLK_000739,2026-09-10 09:41:27,CAMP_002,VISITOR_275,True
CLK_000740,2026-09-06 10:29:27,CAMP_001,VISITOR_484,True
CLK_000741,2026-08-22 04:36:27,CAMP_002,VISITOR_225,False
CLK_000742,2026-08-29 21:59:27,CAMP_005,VISITOR_408,False
CLK_000743,2026-08-16 13:07:27,CAMP_002,VISITOR_315,False
CLK_000744,2026-09-10 04:56:27,CAMP_004,VISITOR_154,True
CLK_000745,2026-09-08 06:00:27,CAMP_005,VISITOR_269,False
CLK_000746,2026-09-03 00:00:27,CAMP_002,VISITOR_120,False
CLK_000747,2026-09-09 14:15:27,CAMP_004,VISITOR_323,True
CLK_000748,2026-09-03 03:39:27,CAMP_002,VISITOR_125,True
CLK_000749,2026-09-01 20:47:27,CAMP_005,VISITOR_325,True
CLK_000750,2026-08-22 19:44:27,CAMP_002,VISITOR_110,False
CLK_000751,2026-09-02 17:41:27,CAMP_002,VISITOR_430,False
CLK_000752,2026-09-08 14:49:27,CAMP_003,VISITOR_269,False
CLK_000753,2026-08-29 18:08:27,CAMP_004,VISITOR_176,False
CLK_000754,2026-08-22 13:52:27,CAMP_002,VISITOR_262,False
CLK_000755,2026-09-03 20:28:27,CAMP_003,VISITOR_168,False
CLK_000756,2026-08-16 20:35:27,CAMP_003,VISITOR_239,False
CLK_000757,2026-09-02 09:19:27,CAMP_004,VISITOR_351,False
CLK_000758,2026-08-18 09:00:27,CAMP_004,VISITOR_322,True
CLK_000759,2026-08-27 00:42:27,CAMP_002,VISITOR_372,False
CLK_000760,2026-09-08 16:04:27,CAMP_004,VISITOR_226,False
CLK_000761,2026-09-08 21:00:27,CAMP_003,VISITOR_373,False
CLK_000762,2026-09-02 09:39:27,CAMP_001,VISITOR_433,False
CLK_000763,2026-08-22 13:14:27,CAMP_001,VISITOR_244,True
CLK_000764,2026-08-28 11:52:27,CAMP_002,VISITOR_349,False
CLK_000765,2026-09-10 07:01:27,CAMP_005,VISITOR_434,False
CLK_000766,2026-08-19 03:01:27,CAMP_005,VISITOR_192,False
CLK_000767,2026-09-05 21:34:27,CAMP_004,VISITOR_125,True
CLK_000768,2026-08-25 11:45:27,CAMP_003,VISITOR_268,True
CLK_000769,2026-08-24 18:18:27,CAMP_003,VISITOR_452,False
CLK_000770,2026-08-31 08:36:27,CAMP_002,VISITOR_173,True
CLK_000771,2026-09-02 11:55:27,CAMP_004,VISITOR_194,True
CLK_000772,2026-09-01 12:19:27,CAMP_001,VISITOR_374,False
CLK_000773,2026-08-21 07:34:27,CAMP_003,VISITOR_409,True
CLK_000774,2026-08-20 12:06:27,CAMP_001,VISITOR_373,False
CLK_000775,2026-08-31 10:35:27,CAMP_005,VISITOR_423,False
CLK_000776,2026-09-13 10:23:27,CAMP_003,VISITOR_295,False
CLK_000777,2026-08-19 18:18:27,CAMP_003,VISITOR_109,False
CLK_000778,2026-08-15 00:45:27,CAMP_003,VISITOR_182,True
CLK_000779,2026-08-19 02:42:27,CAMP_002,VISITOR_493,False
CLK_000780,2026-08-19 04:45:27,CAMP_003,VISITOR_483,True
CLK_000781,2026-08-29 19:32:27,CAMP_005,VISITOR_261,True
CLK_000782,2026-09-05 03:55:27,CAMP_004,VISITOR_391,False
CLK_000783,2026-09-01 13:52:27,CAMP_005,VISITOR_170,False
CLK_000784,2026-09-04 16:56:27,CAMP_003,VISITOR_359,False
CLK_000785,2026-09-03 18:17:27,CAMP_003,VISITOR_423,False
CLK_000786,2026-09-01 15:05:27,CAMP_003,VISITOR_438,False
CLK_000787,2026-08-27 11:15:27,CAMP_002,VISITOR_382,True
CLK_000788,2026-08-18 05:23:27,CAMP_004,VISITOR_305,False
CLK_000789,2026-09-10 01:09:27,CAMP_005,VISITOR_296,False
CLK_000790,2026-08-20 00:10:27,CAMP_002,VISITOR_364,False
CLK_000791,2026-08-30 12:01:27,CAMP_001,VISITOR_469,False
CLK_000792,2026-08-28 09:09:27,CAMP_004,VISITOR_181,False
CLK_000793,2026-08-14 22:21:27,CAMP_002,VISITOR_406,False
CLK_000794,2026-08-29 03:14:27,CAMP_004,VISITOR_418,False
CLK_000795,2026-09-05 06:36:27,CAMP_004,VISITOR_429,False
CLK_000796,2026-08-17 04:43:27,CAMP_001,VISITOR_127,True
CLK_000797,2026-09-04 02:50:27,CAMP_005,VISITOR_426,False
CLK_000798,2026-09-09 15:06:27,CAMP_005,VISITOR_432,False
CLK_000799,2026-08-14 19:05:27,CAMP_005,VISITOR_145,True
CLK_000800,2026-08-17 20:27:27,CAMP_001,VISITOR_179,False
CLK_000801,2026-08-25 12:31:27,CAMP_001,VISITOR_290,False
CLK_000802,2026-08-15 05:43:27,CAMP_005,VISITOR_174,True
CLK_000803,2026-09-07 14:28:27,CAMP_003,VISITOR_115,True
CLK_000804,2026-09-11 06:23:27,CAMP_002,VISITOR_407,True
CLK_000805,2026-09-03 16:27:27,CAMP_004,VISITOR_321,True
CLK_000806,2026-08-27 11:34:27,CAMP_002,VISITOR_111,False
CLK_000807,2026-08-24 14:27:27,CAMP_003,VISITOR_271,False
CLK_000808,2026-08-20 15:51:27,CAMP_002,VISITOR_475,False
CLK_000809,2026-08-29 18:12:27,CAMP_002,VISITOR_172,False
CLK_000810,2026-09-07 04:46:27,CAMP_001,VISITOR_489,False
CLK_000811,2026-09-11 03:21:27,CAMP_003,VISITOR_412,True
CLK_000812,2026-08-21 02:16:27,CAMP_004,VISITOR_187,False
CLK_000813,2026-09-07 07:43:27,CAMP_001,VISITOR_211,False
CLK_000814,2026-08-27 00:31:27,CAMP_002,VISITOR_491,False
CLK_000815,2026-08-17 12:41:27,CAMP_004,VISITOR_209,False
CLK_000816,2026-08-17 10:17:27,CAMP_004,VISITOR_473,False
CLK_000817,2026-08-31 23:38:27,CAMP_002,VISITOR_203,False
CLK_000818,2026-08-31 15:28:27,CAMP_001,VISITOR_466,True
CLK_000819,2026-08-19 08:25:27,CAMP_002,VISITOR_407,False
CLK_000820,2026-09-05 13:15:27,CAMP_002,VISITOR_332,True
CLK_000821,2026-08-15 23:49:27,CAMP_001,VISITOR_371,True
CLK_000822,2026-09-05 16:57:27,CAMP_002,VISITOR_194,False
CLK_000823,2026-09-01 15:46:27,CAMP_002,VISITOR_403,False
CLK_000824,2026-09-07 10:45:27,CAMP_001,VISITOR_346,False
CLK_000825,2026-09-06 04:18:27,CAMP_003,VISITOR_272,False
CLK_000826,2026-09-08 16:33:27,CAMP_002,VISITOR_233,False
CLK_000827,2026-08-26 04:49:27,CAMP_001,VISITOR_266,False
CLK_000828,2026-09-08 06:06:27,CAMP_003,VISITOR_269,True
CLK_000829,2026-08-21 18:06:27,CAMP_002,VISITOR_213,False
CLK_000830,2026-08-14 20:40:27,CAMP_003,VISITOR_245,True
CLK_000831,2026-08-19 05:31:27,CAMP_005,VISITOR_113,True
CLK_000832,2026-08-29 08:05:27,CAMP_004,VISITOR_290,False
CLK_000833,2026-09-09 17:45:27,CAMP_004,VISITOR_344,False
CLK_000834,2026-09-03 07:17:27,CAMP_001,VISITOR_401,True
CLK_000835,2026-09-04 00:57:27,CAMP_005,VISITOR_179,False
CLK_000836,2026-08-26 06:46:27,CAMP_002,VISITOR_328,False
CLK_000837,2026-08-17 12:04:27,CAMP_001,VISITOR_339,False
CLK_000838,2026-08-22 00:49:27,CAMP_005,VISITOR_307,False
CLK_000839,2026-09-09 05:11:27,CAMP_001,VISITOR_299,False
CLK_000840,2026-08-21 18:11:27,CAMP_002,VISITOR_147,False
CLK_000841,2026-09-05 12:37:27,CAMP_001,VISITOR_212,False
CLK_000842,2026-09-05 13:59:27,CAMP_001,VISITOR_375,False
CLK_000843,2026-08-27 14:47:27,CAMP_005,VISITOR_447,False
CLK_000844,2026-08-22 06:47:27,CAMP_002,VISITOR_212,False
CLK_000845,2026-08-22 12:24:27,CAMP_003,VISITOR_484,True
CLK_000846,2026-08-22 19:36:27,CAMP_001,VISITOR_239,False
CLK_000847,2026-08-28 19:40:27,CAMP_001,VISITOR_363,False
CLK_000848,2026-08-27 11:19:27,CAMP_003,VISITOR_174,True
CLK_000849,2026-08-17 10:40:27,CAMP_001,VISITOR_133,False
CLK_000850,2026-08-25 09:12:27,CAMP_002,VISITOR_283,False
CLK_000851,2026-08-22 19:48:27,CAMP_005,VISITOR_117,False
CLK_000852,2026-08-23 21:54:27,CAMP_001,VISITOR_446,False
CLK_000853,2026-09-01 23:05:27,CAMP_003,VISITOR_176,False
CLK_000854,2026-09-06 16:11:27,CAMP_001,VISITOR_117,False
CLK_000855,2026-08-29 18:04:27,CAMP_005,VISITOR_414,False
CLK_000856,2026-08-25 16:37:27,CAMP_003,VISITOR_455,False
CLK_000857,2026-09-08 01:17:27,CAMP_005,VISITOR_144,False
CLK_000858,2026-08-28 12:09:27,CAMP_001,VISITOR_142,False
CLK_000859,2026-08-14 18:36:27,CAMP_002,VISITOR_492,False
CLK_000860,2026-09-13 07:55:27,CAMP_005,VISITOR_163,True
CLK_000861,2026-09-03 04:56:27,CAMP_004,VISITOR_374,False
CLK_000862,2026-09-01 23:37:27,CAMP_004,VISITOR_433,False
CLK_000863,2026-08-19 23:41:27,CAMP_002,VISITOR_243,False
CLK_000864,2026-08-29 17:53:27,CAMP_001,VISITOR_398,False
CLK_000865,2026-08-23 20:49:27,CAMP_001,VISITOR_470,False
CLK_000866,2026-08-15 23:32:27,CAMP_001,VISITOR_242,False
CLK_000867,2026-08-23 12:44:27,CAMP_005,VISITOR_266,True
CLK_000868,2026-09-08 12:56:27,CAMP_004,VISITOR_392,True
CLK_000869,2026-08-17 04:02:27,CAMP_004,VISITOR_281,True
CLK_000870,2026-08-22 21:15:27,CAMP_005,VISITOR_304,False
CLK_000871,2026-09-01 18:54:27,CAMP_005,VISITOR_120,False
CLK_000872,2026-08-14 21:20:27,CAMP_004,VISITOR_197,False
CLK_000873,2026-09-02 00:23:27,CAMP_001,VISITOR_329,False
CLK_000874,2026-08-27 02:47:27,CAMP_004,VISITOR_378,False
CLK_000875,2026-09-10 21:32:27,CAMP_003,VISITOR_177,False
CLK_000876,2026-09-09 14:58:27,CAMP_003,VISITOR_123,True
CLK_000877,2026-09-12 02:46:27,CAMP_001,VISITOR_342,False
CLK_000878,2026-08-31 23:21:27,CAMP_005,VISITOR_284,False
CLK_000879,2026-09-08 16:18:27,CAMP_003,VISITOR_170,True
CLK_000880,2026-08-21 02:12:27,CAMP_002,VISITOR_103,False
CLK_000881,2026-09-06 06:39:27,CAMP_001,VISITOR_131,True
CLK_000882,2026-08-29 01:00:27,CAMP_002,VISITOR_302,False
CLK_000883,2026-08-25 11:40:27,CAMP_002,VISITOR_395,False
CLK_000884,2026-09-07 12:04:27,CAMP_005,VISITOR_122,False
CLK_000885,2026-09-09 21:19:27,CAMP_005,VISITOR_484,True
CLK_000886,2026-09-05 07:36:27,CAMP_004,VISITOR_421,False
CLK_000887,2026-08-20 23:05:27,CAMP_001,VISITOR_277,False
CLK_000888,2026-08-19 02:33:27,CAMP_001,VISITOR_307,True
CLK_000889,2026-08-17 16:05:27,CAMP_004,VISITOR_307,True
CLK_000890,2026-08-21 01:11:27,CAMP_005,VISITOR_260,False
CLK_000891,2026-08-30 05:41:27,CAMP_003,VISITOR_266,False
CLK_000892,2026-08-25 22:58:27,CAMP_001,VISITOR_106,False
CLK_000893,2026-08-23 05:49:27,CAMP_005,VISITOR_342,False
CLK_000894,2026-08-27 14:07:27,CAMP_004,VISITOR_404,False
CLK_000895,2026-08-16 11:22:27,CAMP_002,VISITOR_456,False
CLK_000896,2026-08-23 14:06:27,CAMP_002,VISITOR_415,False
CLK_000897,2026-09-01 21:14:27,CAMP_001,VISITOR_451,False
CLK_000898,2026-08-21 01:10:27,CAMP_001,VISITOR_136,True
CLK_000899,2026-08-17 13:42:27,CAMP_004,VISITOR_188,False
CLK_000900,2026-08-30 07:51:27,CAMP_004,VISITOR_319,False
CLK_000901,2026-09-10 09:07:27,CAMP_002,VISITOR_333,True
CLK_000902,2026-08-31 15:28:27,CAMP_001,VISITOR_208,False
CLK_000903,2026-08-22 01:25:27,CAMP_001,VISITOR_444,False
CLK_000904,2026-08-28 22:20:27,CAMP_003,VISITOR_113,True
CLK_000905,2026-09-03 11:51:27,CAMP_001,VISITOR_301,False
CLK_000906,2026-08-21 17:34:27,CAMP_005,VISITOR_201,False
CLK_000907,2026-09-01 21:02:27,CAMP_002,VISITOR_173,True
CLK_000908,2026-08-23 07:08:27,CAMP_002,VISITOR_182,True
CLK_000909,2026-08-16 21:12:27,CAMP_004,VISITOR_176,False
CLK_000910,2026-09-12 22:44:27,CAMP_002,VISITOR_321,True
CLK_000911,2026-09-02 06:44:27,CAMP_004,VISITOR_401,False
CLK_000912,2026-09-12 21:15:27,CAMP_003,VISITOR_406,True
CLK_000913,2026-08-27 07:42:27,CAMP_001,VISITOR_153,False
CLK_000914,2026-08-28 01:37:27,CAMP_004,VISITOR_146,True
CLK_000915,2026-09-01 04:50:27,CAMP_002,VISITOR_117,True
CLK_000916,2026-09-10 21:04:27,CAMP_003,VISITOR_312,False
CLK_000917,2026-08-18 20:39:27,CAMP_005,VISITOR_386,False
CLK_000918,2026-09-04 14:24:27,CAMP_002,VISITOR_142,False
CLK_000919,2026-08-26 20:21:27,CAMP_003,VISITOR_386,True
CLK_000920,2026-09-01 11:05:27,CAMP_002,VISITOR_211,True
CLK_000921,2026-09-04 15:26:27,CAMP_004,VISITOR_183,False
CLK_000922,2026-08-30 17:16:27,CAMP_003,VISITOR_250,True
CLK_000923,2026-08-26 20:35:27,CAMP_002,VISITOR_224,False
CLK_000924,2026-09-07 11:25:27,CAMP_005,VISITOR_173,False
CLK_000925,2026-09-12 06:18:27,CAMP_003,VISITOR_287,False
CLK_000926,2026-08-18 20:20:27,CAMP_004,VISITOR_458,True
CLK_000927,2026-09-01 03:19:27,CAMP_004,VISITOR_402,True
CLK_000928,2026-08-24 01:44:27,CAMP_004,VISITOR_300,False
CLK_000929,2026-08-16 11:50:27,CAMP_003,VISITOR_126,False
CLK_000930,2026-09-11 01:56:27,CAMP_003,VISITOR_217,False
CLK_000931,2026-09-11 05:08:27,CAMP_003,VISITOR_315,True
CLK_000932,2026-09-10 22:37:27,CAMP_002,VISITOR_342,True
CLK_000933,2026-08-21 12:53:27,CAMP_003,VISITOR_173,True
CLK_000934,2026-08-31 10:28:27,CAMP_003,VISITOR_213,True
CLK_000935,2026-08-24 12:17:27,CAMP_004,VISITOR_246,True
CLK_000936,2026-08-26 14:23:27,CAMP_004,VISITOR_438,True
CLK_000937,2026-08-23 15:54:27,CAMP_003,VISITOR_332,False
CLK_000938,2026-09-09 19:45:27,CAMP_003,VISITOR_329,False
CLK_000939,2026-09-05 03:32:27,CAMP_005,VISITOR_468,False
CLK_000940,2026-08-23 03:56:27,CAMP_005,VISITOR_481,False
CLK_000941,2026-08-18 17:41:27,CAMP_003,VISITOR_310,False
CLK_000942,2026-09-09 16:34:27,CAMP_002,VISITOR_187,False
CLK_000943,2026-09-11 02:04:27,CAMP_002,VISITOR_405,True
CLK_000944,2026-09-10 09:27:27,CAMP_003,VISITOR_239,False
CLK_000945,2026-08-25 10:54:27,CAMP_004,VISITOR_204,False
CLK_000946,2026-08-31 10:37:27,CAMP_002,VISITOR_397,True
CLK_000947,2026-08-18 19:42:27,CAMP_002,VISITOR_208,False
CLK_000948,2026-08-24 12:26:27,CAMP_001,VISITOR_250,True
CLK_000949,2026-09-02 21:30:27,CAMP_002,VISITOR_132,False
CLK_000950,2026-08-22 02:20:27,CAMP_005,VISITOR_402,False
CLK_000951,2026-09-13 11:53:27,CAMP_005,VISITOR_321,False
CLK_000952,2026-08-31 04:29:27,CAMP_005,VISITOR_474,False
CLK_000953,2026-08-30 15:33:27,CAMP_001,VISITOR_109,False
CLK_000954,2026-09-04 03:13:27,CAMP_002,VISITOR_447,True
CLK_000955,2026-09-10 21:57:27,CAMP_003,VISITOR_359,False
CLK_000956,2026-08-15 23:35:27,CAMP_003,VISITOR_358,False
CLK_000957,2026-09-08 13:26:27,CAMP_003,VISITOR_105,True
CLK_000958,2026-08-23 09:59:27,CAMP_001,VISITOR_194,False
CLK_000959,2026-09-09 12:33:27,CAMP_002,VISITOR_234,True
CLK_000960,2026-09-13 05:05:27,CAMP_003,VISITOR_332,True
CLK_000961,2026-08-29 16:40:27,CAMP_005,VISITOR_313,False
CLK_000962,2026-09-04 01:01:27,CAMP_002,VISITOR_341,False
CLK_000963,2026-08-28 20:36:27,CAMP_002,VISITOR_191,False
CLK_000964,2026-08-28 10:24:27,CAMP_004,VISITOR_239,False
CLK_000965,2026-09-04 03:19:27,CAMP_003,VISITOR_481,False
CLK_000966,2026-08-19 17:13:27,CAMP_003,VISITOR_213,False
CLK_000967,2026-09-03 23:11:27,CAMP_005,VISITOR_444,False
CLK_000968,2026-08-23 10:16:27,CAMP_004,VISITOR_159,True
CLK_000969,2026-08-22 11:02:27,CAMP_003,VISITOR_147,False
CLK_000970,2026-09-13 11:41:27,CAMP_005,VISITOR_229,True
CLK_000971,2026-09-12 10:50:27,CAMP_001,VISITOR_381,False
CLK_000972,2026-08-24 09:45:27,CAMP_003,VISITOR_445,False
CLK_000973,2026-08-17 13:48:27,CAMP_003,VISITOR_380,True
CLK_000974,2026-08-19 22:47:27,CAMP_003,VISITOR_190,True
CLK_000975,2026-08-18 10:31:27,CAMP_003,VISITOR_344,False
CLK_000976,2026-08-26 15:06:27,CAMP_004,VISITOR_192,False
CLK_000977,2026-08-31 11:23:27,CAMP_001,VISITOR_225,True
CLK_000978,2026-08-28 01:00:27,CAMP_004,VISITOR_209,False
CLK_000979,2026-09-01 02:23:27,CAMP_004,VISITOR_210,False
CLK_000980,2026-08-31 23:51:27,CAMP_002,VISITOR_368,False
CLK_000981,2026-09-02 20:15:27,CAMP_004,VISITOR_492,True
CLK_000982,2026-09-01 00:24:27,CAMP_005,VISITOR_388,False
CLK_000983,2026-09-02 05:18:27,CAMP_002,VISITOR_435,True
CLK_000984,2026-08-26 15:59:27,CAMP_002,VISITOR_284,True
CLK_000985,2026-08-23 04:30:27,CAMP_004,VISITOR_226,False
CLK_000986,2026-08-18 03:57:27,CAMP_001,VISITOR_104,False
CLK_000987,2026-08-26 00:08:27,CAMP_002,VISITOR_223,False
CLK_000988,2026-08-18 20:08:27,CAMP_001,VISITOR_257,False
CLK_000989,2026-09-05 10:36:27,CAMP_005,VISITOR_200,True
CLK_000990,2026-09-02 17:29:27,CAMP_005,VISITOR_251,False
CLK_000991,2026-09-07 20:47:27,CAMP_001,VISITOR_326,False
CLK_000992,2026-08-19 17:45:27,CAMP_003,VISITOR_452,False
CLK_000993,2026-09-10 06:43:27,CAMP_002,VISITOR_361,False
CLK_000994,2026-09-11 20:04:27,CAMP_004,VISITOR_205,True
CLK_000995,2026-08-21 08:15:27,CAMP_004,VISITOR_232,False
CLK_000996,2026-08-26 10:25:27,CAMP_004,VISITOR_437,False
CLK_000997,2026-08-19 14:58:27,CAMP_005,VISITOR_368,False
CLK_000998,2026-09-04 23:19:27,CAMP_001,VISITOR_456,False
CLK_000999,2026-08-28 20:01:27,CAMP_003,VISITOR_257,False
CLK_001000,2026-08-26 03:29:27,CAMP_002,VISITOR_500,False
