order_id,purchase_timestamp,user_id,order_amount
ORD_53832,2026-05-01 16:35:43,USR_1048,88.24
ORD_55250,2026-05-01 02:06:08,USR_1149,240.98
ORD_70733,2026-05-01 04:22:56,USR_1149,150.0
ORD_56788,2026-05-01 19:48:18,USR_1076,234.3
ORD_66457,2026-05-01 05:40:51,USR_1067,136.24
ORD_57331,2026-05-01 12:10:39,USR_1067,149.01
ORD_52741,2026-05-01 02:45:52,USR_1037,118.85
ORD_57559,2026-05-01 02:33:40,USR_1084,236.02
ORD_87787,2026-05-01 21:45:02,USR_1029,108.59
ORD_98624,2026-05-01 06:56:44,USR_1137,177.98
ORD_83500,2026-05-01 15:40:53,USR_1113,175.39
ORD_99226,2026-05-01 17:15:06,USR_1085,41.48
ORD_85905,2026-05-01 04:53:10,USR_1129,118.15
ORD_69569,2026-05-01 07:33:15,USR_1001,236.83
ORD_81827,2026-05-01 14:13:45,USR_1056,82.78
ORD_85004,2026-05-01 01:04:58,USR_1032,245.57
ORD_61909,2026-05-01 00:59:57,USR_1034,219.38
ORD_92713,2026-05-01 03:00:24,USR_1057,169.53
ORD_62997,2026-05-01 05:58:59,USR_1101,236.54
ORD_87088,2026-05-01 02:47:11,USR_1030,203.13
ORD_84193,2026-05-01 17:52:26,USR_1110,60.51
ORD_66088,2026-05-01 23:42:52,USR_1068,94.13
ORD_55610,2026-05-01 09:25:44,USR_1132,238.05
ORD_96062,2026-05-01 21:12:17,USR_1140,96.08
ORD_68120,2026-05-01 07:02:09,USR_1055,189.88
ORD_81373,2026-05-01 10:39:17,USR_1146,85.4
ORD_69487,2026-05-01 04:20:26,USR_1115,228.96
ORD_55320,2026-05-01 21:26:31,USR_1054,80.87
ORD_68528,2026-05-01 00:07:10,USR_1059,86.26
ORD_92443,2026-05-01 16:33:06,USR_1059,145.25
ORD_95857,2026-05-01 06:03:50,USR_1119,178.4
ORD_98138,2026-05-01 14:40:51,USR_1010,224.57
ORD_92697,2026-05-01 08:20:55,USR_1044,128.22
ORD_71843,2026-05-01 16:07:36,USR_1120,100.03
ORD_68876,2026-05-01 13:11:33,USR_1068,146.32
ORD_56108,2026-05-01 22:57:52,USR_1003,147.02
ORD_67919,2026-05-01 08:12:19,USR_1118,137.04
ORD_77193,2026-05-01 20:05:29,USR_1098,83.54
ORD_71786,2026-05-01 10:53:50,USR_1137,131.4
ORD_67368,2026-05-01 16:39:23,USR_1036,199.75
ORD_94852,2026-05-01 19:27:19,USR_1017,74.0
ORD_75070,2026-05-01 08:54:29,USR_1020,160.18
ORD_69605,2026-05-01 16:57:33,USR_1088,247.16
ORD_87088,2026-05-01 13:54:13,USR_1101,83.13
ORD_92358,2026-05-01 22:07:15,USR_1024,227.78
ORD_85350,2026-05-01 04:48:23,USR_1075,50.4
ORD_75858,2026-05-01 02:46:22,USR_1057,40.77
ORD_80898,2026-05-01 13:26:44,USR_1027,175.21
ORD_68333,2026-05-01 19:41:15,USR_1125,161.6
ORD_68080,2026-05-01 16:13:16,USR_1092,33.93
ORD_65962,2026-05-01 06:55:25,USR_1116,200.96
ORD_58307,2026-05-01 04:48:57,USR_1091,81.03
ORD_57146,2026-05-01 15:21:08,USR_1092,138.04
ORD_52041,2026-05-01 16:28:49,USR_1117,167.97
ORD_91489,2026-05-01 16:09:49,USR_1020,83.25
ORD_64091,2026-05-01 10:45:22,USR_1141,185.79
ORD_99170,2026-05-01 02:12:25,USR_1090,220.93
ORD_96052,2026-05-01 20:26:49,USR_1007,61.5
ORD_60315,2026-05-01 23:04:44,USR_1023,124.34
ORD_89277,2026-05-02 10:20:38,USR_1011,70.72
ORD_62928,2026-05-02 18:35:00,USR_1089,53.68
ORD_99799,2026-05-02 06:20:16,USR_1118,193.52
ORD_78980,2026-05-02 21:07:11,USR_1112,35.71
ORD_79616,2026-05-02 23:00:43,USR_1018,91.39
ORD_54054,2026-05-02 01:31:08,USR_1128,54.7
ORD_60403,2026-05-02 23:33:28,USR_1010,140.23
ORD_72925,2026-05-02 14:05:32,USR_1149,172.63
ORD_92171,2026-05-02 11:18:50,USR_1079,148.55
ORD_70241,2026-05-02 11:59:26,USR_1134,24.19
ORD_80737,2026-05-02 16:12:08,USR_1061,91.18
ORD_77437,2026-05-02 07:05:35,USR_1097,135.67
ORD_67877,2026-05-02 13:32:23,USR_1021,195.52
ORD_80962,2026-05-02 08:11:38,USR_1081,28.81
ORD_80810,2026-05-02 19:05:42,USR_1141,24.68
ORD_85783,2026-05-02 13:01:10,USR_1088,30.2
ORD_79994,2026-05-02 12:21:14,USR_1034,34.51
ORD_92395,2026-05-02 01:33:31,USR_1064,28.42
ORD_97632,2026-05-02 10:47:25,USR_1089,122.84
ORD_54406,2026-05-02 23:13:30,USR_1112,28.0
ORD_95889,2026-05-02 12:40:38,USR_1040,183.72
ORD_53631,2026-05-02 12:33:52,USR_1141,135.66
ORD_56122,2026-05-02 02:53:46,USR_1077,161.32
ORD_51859,2026-05-02 18:19:03,USR_1144,29.47
ORD_91101,2026-05-02 02:58:36,USR_1147,134.55
ORD_67529,2026-05-02 14:32:11,USR_1094,127.29
ORD_78241,2026-05-02 18:02:58,USR_1002,214.85
ORD_75319,2026-05-02 01:40:30,USR_1141,86.38
ORD_71826,2026-05-02 05:15:45,USR_1130,51.52
ORD_86891,2026-05-02 22:28:40,USR_1136,132.66
ORD_97277,2026-05-02 15:11:13,USR_1148,152.86
ORD_71302,2026-05-02 07:26:35,USR_1132,67.69
ORD_97294,2026-05-02 10:33:11,USR_1089,148.91
ORD_59599,2026-05-02 09:59:15,USR_1088,239.56
ORD_86832,2026-05-02 16:07:48,USR_1137,82.36
ORD_84802,2026-05-02 09:54:24,USR_1027,174.06
ORD_52381,2026-05-02 23:46:07,USR_1045,234.8
ORD_57032,2026-05-02 14:28:04,USR_1076,150.63
ORD_80672,2026-05-02 12:14:02,USR_1034,215.74
ORD_55684,2026-05-02 12:17:43,USR_1109,138.51
ORD_76569,2026-05-02 09:32:17,USR_1119,90.57
ORD_58753,2026-05-02 18:19:04,USR_1056,70.4
ORD_99633,2026-05-02 17:26:30,USR_1116,229.94
ORD_83127,2026-05-02 19:09:03,USR_1015,210.62
ORD_79936,2026-05-02 21:15:24,USR_1033,138.05
ORD_50197,2026-05-02 20:33:07,USR_1143,78.53
ORD_61795,2026-05-02 12:33:45,USR_1008,86.03
ORD_74739,2026-05-02 04:57:33,USR_1114,220.01
ORD_75759,2026-05-02 13:41:46,USR_1138,248.35
ORD_72685,2026-05-02 16:53:21,USR_1058,76.93
ORD_54409,2026-05-02 05:39:57,USR_1004,75.35
ORD_72571,2026-05-02 10:58:10,USR_1126,30.78
ORD_62050,2026-05-02 23:27:02,USR_1038,88.97
ORD_65915,2026-05-02 05:17:17,USR_1135,50.84
ORD_63689,2026-05-02 09:47:15,USR_1143,69.91
ORD_65074,2026-05-02 05:20:09,USR_1066,65.12
ORD_97206,2026-05-02 09:23:48,USR_1090,58.93
ORD_93792,2026-05-02 19:55:04,USR_1019,237.39
ORD_83143,2026-05-02 01:46:55,USR_1105,22.1
ORD_76957,2026-05-02 16:37:42,USR_1001,142.41
ORD_65792,2026-05-02 00:38:40,USR_1024,140.61
ORD_81195,2026-05-02 10:56:20,USR_1097,106.75
ORD_71710,2026-05-02 02:03:51,USR_1111,168.33
ORD_88471,2026-05-02 10:13:32,USR_1004,241.14
ORD_59171,2026-05-02 05:56:41,USR_1098,193.79
ORD_79527,2026-05-02 15:56:06,USR_1019,165.85
ORD_50340,2026-05-02 05:38:17,USR_1092,44.51
ORD_55873,2026-05-02 03:12:45,USR_1110,43.76
ORD_55550,2026-05-02 12:54:22,USR_1074,115.18
ORD_92666,2026-05-02 11:07:15,USR_1101,96.99
ORD_76099,2026-05-02 21:40:00,USR_1076,60.86
ORD_75751,2026-05-02 11:38:46,USR_1096,84.47
ORD_97658,2026-05-02 13:19:13,USR_1144,26.19
ORD_66268,2026-05-02 18:28:11,USR_1021,45.15
ORD_66956,2026-05-02 20:32:05,USR_1027,22.43
ORD_94535,2026-05-02 08:06:45,USR_1095,109.96
ORD_65194,2026-05-03 08:54:26,USR_1109,240.45
ORD_63486,2026-05-03 14:25:30,USR_1050,182.09
ORD_79986,2026-05-03 10:09:24,USR_1093,94.98
ORD_61996,2026-05-03 22:23:26,USR_1061,90.24
ORD_62173,2026-05-03 13:36:57,USR_1147,108.25
ORD_62261,2026-05-03 17:44:34,USR_1125,86.43
ORD_74042,2026-05-03 20:36:56,USR_1068,198.28
ORD_63541,2026-05-03 04:17:55,USR_1053,161.71
ORD_96140,2026-05-03 07:33:35,USR_1145,94.44
ORD_67610,2026-05-03 09:07:00,USR_1082,152.81
ORD_78157,2026-05-03 16:42:59,USR_1101,70.1
ORD_80119,2026-05-03 19:57:02,USR_1011,42.9
ORD_66409,2026-05-03 07:23:14,USR_1023,170.56
ORD_99494,2026-05-03 03:01:11,USR_1078,186.98
ORD_69611,2026-05-03 02:35:45,USR_1098,104.54
ORD_92599,2026-05-03 05:00:49,USR_1144,21.95
ORD_55681,2026-05-03 05:59:49,USR_1113,217.79
ORD_59163,2026-05-03 03:41:11,USR_1031,92.34
ORD_83392,2026-05-03 20:10:02,USR_1052,139.08
ORD_87249,2026-05-03 23:15:07,USR_1033,108.97
ORD_50903,2026-05-03 15:20:38,USR_1004,155.09
ORD_63316,2026-05-03 03:01:04,USR_1079,38.17
ORD_67613,2026-05-03 12:38:42,USR_1032,192.45
ORD_82742,2026-05-03 09:35:59,USR_1130,102.83
ORD_97204,2026-05-03 06:32:26,USR_1141,77.1
ORD_83801,2026-05-03 11:40:26,USR_1013,61.25
ORD_97658,2026-05-03 19:43:52,USR_1096,215.27
ORD_58749,2026-05-03 08:27:06,USR_1148,41.98
ORD_70644,2026-05-03 23:13:09,USR_1060,87.09
ORD_66267,2026-05-03 05:45:23,USR_1037,40.98
ORD_62959,2026-05-03 13:34:05,USR_1005,249.35
ORD_81393,2026-05-03 01:17:15,USR_1105,223.04
ORD_89132,2026-05-03 17:40:18,USR_1046,25.99
ORD_86903,2026-05-03 08:38:00,USR_1145,149.63
ORD_71740,2026-05-03 01:24:13,USR_1014,129.94
ORD_88444,2026-05-03 22:22:39,USR_1033,25.04
ORD_87541,2026-05-03 13:47:42,USR_1000,238.22
ORD_73018,2026-05-03 01:46:42,USR_1126,222.81
ORD_92836,2026-05-03 05:52:56,USR_1007,119.2
ORD_75749,2026-05-03 20:11:51,USR_1060,42.06
ORD_70208,2026-05-03 03:33:15,USR_1052,214.07
ORD_74998,2026-05-03 14:29:41,USR_1099,62.52
ORD_60955,2026-05-03 01:17:05,USR_1044,238.28
ORD_76041,2026-05-03 07:22:15,USR_1022,109.26
ORD_59806,2026-05-03 20:07:30,USR_1107,45.88
ORD_72535,2026-05-03 05:24:32,USR_1073,219.52
ORD_59427,2026-05-03 14:59:09,USR_1044,83.35
ORD_53230,2026-05-03 22:31:56,USR_1084,178.82
ORD_66350,2026-05-03 18:28:00,USR_1051,212.5
ORD_60716,2026-05-03 08:50:10,USR_1141,100.44
ORD_94708,2026-05-03 08:04:58,USR_1131,24.61
ORD_70018,2026-05-03 00:20:21,USR_1064,159.92
ORD_93408,2026-05-03 09:12:03,USR_1119,21.69
ORD_68119,2026-05-03 13:38:44,USR_1123,34.68
ORD_76515,2026-05-03 11:39:28,USR_1066,228.59
ORD_81177,2026-05-03 14:09:28,USR_1136,166.81
ORD_94610,2026-05-03 01:58:31,USR_1128,47.56
ORD_61819,2026-05-03 05:01:32,USR_1087,218.35
ORD_63722,2026-05-03 02:57:36,USR_1001,123.97
ORD_57588,2026-05-03 23:19:30,USR_1005,31.09
ORD_95922,2026-05-03 22:58:22,USR_1077,163.24
ORD_89911,2026-05-03 05:00:40,USR_1027,134.48
ORD_69400,2026-05-03 05:26:54,USR_1130,125.05
ORD_53007,2026-05-03 01:27:34,USR_1024,215.79
ORD_73501,2026-05-03 02:09:45,USR_1026,160.6
ORD_87791,2026-05-03 16:04:04,USR_1016,196.53
ORD_93496,2026-05-03 20:35:35,USR_1086,130.84
ORD_82495,2026-05-03 23:21:53,USR_1129,215.23
ORD_79110,2026-05-03 10:09:12,USR_1129,38.13
ORD_85985,2026-05-03 04:20:21,USR_1105,28.24
ORD_53556,2026-05-03 00:01:55,USR_1077,103.57
ORD_93182,2026-05-03 08:08:49,USR_1029,42.41
ORD_56967,2026-05-03 08:06:20,USR_1087,105.99
ORD_62290,2026-05-03 01:41:18,USR_1126,160.5
ORD_82691,2026-05-03 03:56:59,USR_1129,50.97
ORD_89357,2026-05-03 15:46:29,USR_1026,109.1
ORD_86279,2026-05-04 15:03:35,USR_1080,183.73
ORD_92604,2026-05-04 23:03:11,USR_1051,245.71
ORD_87397,2026-05-04 06:29:45,USR_1143,130.49
ORD_74960,2026-05-04 15:13:14,USR_1133,44.49
ORD_53078,2026-05-04 08:11:41,USR_1073,179.38
ORD_63309,2026-05-04 13:55:02,USR_1003,191.04
ORD_61627,2026-05-04 22:37:17,USR_1049,87.66
ORD_86477,2026-05-04 02:43:43,USR_1044,118.56
ORD_96378,2026-05-04 11:46:42,USR_1091,36.76
ORD_57430,2026-05-04 12:36:58,USR_1097,230.66
ORD_83340,2026-05-04 14:04:19,USR_1095,138.29
ORD_91255,2026-05-04 18:43:45,USR_1024,68.48
ORD_79564,2026-05-04 02:41:04,USR_1045,113.76
ORD_56955,2026-05-04 04:19:06,USR_1091,233.45
ORD_93301,2026-05-04 10:34:30,USR_1097,110.88
ORD_91552,2026-05-04 01:08:36,USR_1139,87.85
ORD_52737,2026-05-04 05:16:12,USR_1142,52.52
ORD_62058,2026-05-04 03:07:28,USR_1131,52.76
ORD_70826,2026-05-04 12:03:54,USR_1017,227.03
ORD_61051,2026-05-04 17:42:43,USR_1080,240.49
ORD_70019,2026-05-04 10:06:14,USR_1114,102.51
ORD_87116,2026-05-04 00:24:28,USR_1114,56.62
ORD_65187,2026-05-04 20:37:26,USR_1056,195.14
ORD_87366,2026-05-04 01:43:02,USR_1082,153.09
ORD_97202,2026-05-04 06:49:35,USR_1092,206.57
ORD_83858,2026-05-04 22:56:07,USR_1066,232.16
ORD_80894,2026-05-04 14:46:37,USR_1055,123.32
ORD_97460,2026-05-04 17:33:35,USR_1056,80.84
ORD_51085,2026-05-04 12:29:46,USR_1098,50.41
ORD_90288,2026-05-04 07:23:13,USR_1045,129.45
ORD_52846,2026-05-04 17:34:59,USR_1133,116.76
ORD_65237,2026-05-04 21:27:58,USR_1065,129.74
ORD_50466,2026-05-04 03:04:30,USR_1001,183.1
ORD_56985,2026-05-04 21:03:44,USR_1080,114.03
ORD_90100,2026-05-04 05:39:43,USR_1108,149.87
ORD_83314,2026-05-04 14:31:02,USR_1041,43.06
ORD_59524,2026-05-04 14:36:09,USR_1001,205.0
ORD_84144,2026-05-04 09:36:04,USR_1094,161.21
ORD_50018,2026-05-04 21:50:35,USR_1092,75.03
ORD_86642,2026-05-04 21:21:32,USR_1132,85.43
ORD_81607,2026-05-04 05:42:21,USR_1030,240.34
ORD_95168,2026-05-04 18:18:57,USR_1132,125.82
ORD_67019,2026-05-04 00:19:42,USR_1053,160.94
ORD_86394,2026-05-04 10:11:49,USR_1069,204.94
ORD_73613,2026-05-04 02:12:34,USR_1065,79.75
ORD_94118,2026-05-04 04:26:17,USR_1072,101.68
ORD_87462,2026-05-04 22:21:44,USR_1107,165.19
ORD_73800,2026-05-04 11:33:42,USR_1113,199.62
ORD_66213,2026-05-04 19:05:47,USR_1026,91.16
ORD_85427,2026-05-04 19:12:23,USR_1007,127.45
ORD_90981,2026-05-04 05:58:12,USR_1067,38.22
ORD_54486,2026-05-04 08:44:58,USR_1068,114.97
ORD_82243,2026-05-04 06:40:12,USR_1074,181.11
ORD_75717,2026-05-04 18:09:43,USR_1037,32.89
ORD_63660,2026-05-04 14:01:49,USR_1024,139.86
ORD_69583,2026-05-04 22:56:10,USR_1064,130.68
ORD_60968,2026-05-04 07:15:12,USR_1111,94.64
ORD_65248,2026-05-04 22:46:56,USR_1015,48.94
ORD_60159,2026-05-04 19:49:24,USR_1041,35.84
ORD_62159,2026-05-04 16:23:03,USR_1129,107.18
ORD_62443,2026-05-04 00:42:02,USR_1137,208.38
ORD_57239,2026-05-04 19:06:07,USR_1104,167.41
ORD_88685,2026-05-04 07:00:33,USR_1008,163.51
ORD_55240,2026-05-04 09:19:53,USR_1093,170.82
ORD_84044,2026-05-05 02:08:16,USR_1019,237.26
ORD_91852,2026-05-05 19:11:20,USR_1106,191.6
ORD_79033,2026-05-05 06:05:59,USR_1140,249.64
ORD_50012,2026-05-05 07:48:56,USR_1114,240.76
ORD_73308,2026-05-05 11:29:15,USR_1070,28.68
ORD_56023,2026-05-05 05:42:16,USR_1067,206.55
ORD_85384,2026-05-05 23:47:17,USR_1134,29.47
ORD_75747,2026-05-05 20:35:00,USR_1083,174.94
ORD_59700,2026-05-05 16:14:43,USR_1074,200.86
ORD_53939,2026-05-05 22:42:31,USR_1011,78.75
ORD_92559,2026-05-05 14:10:00,USR_1074,219.5
ORD_84836,2026-05-05 14:05:49,USR_1097,219.36
ORD_70472,2026-05-05 13:56:21,USR_1146,55.13
ORD_63258,2026-05-05 22:03:25,USR_1148,144.51
ORD_87017,2026-05-05 05:03:20,USR_1037,170.93
ORD_59536,2026-05-05 05:46:37,USR_1081,213.09
ORD_51709,2026-05-05 03:54:29,USR_1047,73.11
ORD_82207,2026-05-05 13:06:23,USR_1122,215.99
ORD_78020,2026-05-05 07:28:42,USR_1045,224.14
ORD_53230,2026-05-05 18:54:38,USR_1132,195.99
ORD_92342,2026-05-05 16:49:04,USR_1108,126.62
ORD_92505,2026-05-05 06:32:01,USR_1064,94.54
ORD_83532,2026-05-05 04:10:54,USR_1098,187.18
ORD_92813,2026-05-05 08:55:56,USR_1047,54.1
ORD_77325,2026-05-05 12:43:41,USR_1037,31.28
ORD_73605,2026-05-05 06:31:08,USR_1072,192.35
ORD_70741,2026-05-05 20:49:33,USR_1109,160.03
ORD_82619,2026-05-05 09:28:45,USR_1133,187.71
ORD_94071,2026-05-05 12:08:58,USR_1084,211.78
ORD_85190,2026-05-05 17:27:54,USR_1117,225.17
ORD_70676,2026-05-05 12:13:28,USR_1144,186.74
ORD_63244,2026-05-05 16:28:19,USR_1095,200.54
ORD_96771,2026-05-05 11:55:57,USR_1025,125.65
ORD_77948,2026-05-05 01:51:51,USR_1007,32.37
ORD_95783,2026-05-05 07:14:03,USR_1023,206.96
ORD_59418,2026-05-05 17:04:40,USR_1116,237.91
ORD_61545,2026-05-05 20:56:14,USR_1024,209.07
ORD_54029,2026-05-05 11:14:14,USR_1126,168.35
ORD_69103,2026-05-05 03:18:34,USR_1035,124.18
ORD_90074,2026-05-05 11:33:15,USR_1022,154.03
ORD_65416,2026-05-05 20:00:20,USR_1000,219.11
ORD_75204,2026-05-05 14:48:23,USR_1035,63.29
ORD_92090,2026-05-05 00:26:56,USR_1004,39.47
ORD_79494,2026-05-05 15:10:04,USR_1130,117.55
ORD_85793,2026-05-05 22:02:16,USR_1147,114.49
ORD_99190,2026-05-05 13:26:27,USR_1148,246.22
ORD_72514,2026-05-05 22:14:10,USR_1062,161.0
ORD_69308,2026-05-05 19:30:34,USR_1120,101.17
ORD_87889,2026-05-05 10:32:55,USR_1009,164.74
ORD_83134,2026-05-05 06:10:28,USR_1124,38.98
ORD_61494,2026-05-05 10:02:10,USR_1114,105.05
ORD_57601,2026-05-05 23:13:59,USR_1053,193.76
ORD_78490,2026-05-05 19:24:58,USR_1097,53.38
ORD_54453,2026-05-05 18:57:27,USR_1002,174.74
ORD_66508,2026-05-05 00:27:33,USR_1056,186.81
ORD_92461,2026-05-05 21:38:43,USR_1033,106.47
ORD_54088,2026-05-05 10:05:02,USR_1018,83.78
ORD_54614,2026-05-05 19:42:21,USR_1026,28.02
ORD_82157,2026-05-05 14:14:17,USR_1131,182.75
ORD_95171,2026-05-05 17:25:52,USR_1000,108.42
ORD_69002,2026-05-05 14:36:34,USR_1023,194.9
ORD_85425,2026-05-05 01:19:39,USR_1006,34.49
ORD_97252,2026-05-05 23:26:33,USR_1086,32.89
ORD_92518,2026-05-05 02:38:24,USR_1036,75.82
ORD_98360,2026-05-05 03:53:17,USR_1127,118.03
ORD_88868,2026-05-05 14:39:44,USR_1054,195.77
ORD_88141,2026-05-05 05:10:10,USR_1112,76.04
ORD_55290,2026-05-05 01:29:59,USR_1025,222.31
ORD_63510,2026-05-05 00:15:36,USR_1045,179.24
ORD_52465,2026-05-05 05:14:13,USR_1044,160.42
ORD_90561,2026-05-05 12:40:57,USR_1135,244.66
ORD_95364,2026-05-06 16:41:17,USR_1085,49.26
ORD_82061,2026-05-06 21:59:54,USR_1043,217.1
ORD_80844,2026-05-06 15:49:42,USR_1011,29.21
ORD_80099,2026-05-06 13:04:02,USR_1078,57.21
ORD_53592,2026-05-06 10:49:16,USR_1085,189.22
ORD_96194,2026-05-06 13:57:52,USR_1044,169.08
ORD_67521,2026-05-06 12:13:06,USR_1138,93.71
ORD_95431,2026-05-06 04:29:53,USR_1094,203.98
ORD_79180,2026-05-06 23:30:00,USR_1135,213.64
ORD_59527,2026-05-06 16:20:33,USR_1103,234.15
ORD_87043,2026-05-06 18:30:03,USR_1146,173.38
ORD_89529,2026-05-06 19:37:42,USR_1049,132.81
ORD_74433,2026-05-06 22:03:15,USR_1109,105.01
ORD_76834,2026-05-06 05:15:06,USR_1077,40.34
ORD_86653,2026-05-06 06:47:42,USR_1149,89.9
ORD_82312,2026-05-06 15:12:10,USR_1125,195.89
ORD_55034,2026-05-06 09:56:52,USR_1074,141.81
ORD_94890,2026-05-06 18:44:07,USR_1046,220.66
ORD_59418,2026-05-06 10:59:15,USR_1148,100.87
ORD_57468,2026-05-06 08:05:13,USR_1143,181.52
ORD_90170,2026-05-06 05:19:22,USR_1128,199.58
ORD_85201,2026-05-06 21:04:07,USR_1135,227.38
ORD_74878,2026-05-06 17:18:16,USR_1046,211.99
ORD_52661,2026-05-06 04:31:34,USR_1073,148.14
ORD_78046,2026-05-06 10:21:04,USR_1141,113.67
ORD_72192,2026-05-06 14:23:18,USR_1093,244.3
ORD_79794,2026-05-06 12:59:52,USR_1071,53.9
ORD_60243,2026-05-06 20:44:49,USR_1121,149.32
ORD_73420,2026-05-06 04:41:19,USR_1024,118.47
ORD_95088,2026-05-06 15:01:07,USR_1079,156.28
ORD_71130,2026-05-06 15:21:24,USR_1096,151.18
ORD_93737,2026-05-06 20:52:18,USR_1125,135.64
ORD_90957,2026-05-06 18:24:00,USR_1106,112.53
ORD_63956,2026-05-06 18:47:05,USR_1047,152.67
ORD_59682,2026-05-06 17:02:22,USR_1051,103.78
ORD_98134,2026-05-06 14:50:15,USR_1060,45.74
ORD_65602,2026-05-06 18:14:38,USR_1133,223.45
ORD_57000,2026-05-06 21:51:55,USR_1080,70.14
ORD_66144,2026-05-06 17:52:43,USR_1108,129.22
ORD_89702,2026-05-06 10:07:56,USR_1092,168.44
ORD_56579,2026-05-06 10:00:22,USR_1125,221.66
ORD_79704,2026-05-06 05:51:38,USR_1140,189.69
ORD_96764,2026-05-06 14:36:07,USR_1078,77.41
ORD_95957,2026-05-06 00:46:35,USR_1142,65.6
ORD_79734,2026-05-06 03:15:43,USR_1111,197.87
ORD_59564,2026-05-06 15:43:31,USR_1055,113.96
ORD_71184,2026-05-06 09:03:31,USR_1120,50.64
ORD_53850,2026-05-06 14:30:05,USR_1018,41.91
ORD_86671,2026-05-06 00:13:20,USR_1094,50.41
ORD_97170,2026-05-06 01:31:11,USR_1126,45.87
ORD_61833,2026-05-06 06:35:54,USR_1130,196.37
ORD_94606,2026-05-06 15:10:38,USR_1063,85.38
ORD_96380,2026-05-06 04:27:34,USR_1007,38.64
ORD_83597,2026-05-06 10:53:30,USR_1024,211.37
ORD_81300,2026-05-06 18:03:28,USR_1119,120.59
ORD_97206,2026-05-06 02:48:40,USR_1131,126.87
ORD_80371,2026-05-06 17:32:46,USR_1048,39.8
ORD_91314,2026-05-06 21:19:45,USR_1051,21.81
ORD_83643,2026-05-06 15:44:40,USR_1124,111.93
ORD_87775,2026-05-06 21:32:26,USR_1135,24.37
ORD_97592,2026-05-06 04:17:14,USR_1005,57.11
ORD_60244,2026-05-06 17:13:01,USR_1053,59.86
ORD_90014,2026-05-06 22:01:35,USR_1028,244.17
ORD_73700,2026-05-06 22:12:41,USR_1143,220.3
ORD_73837,2026-05-06 05:45:03,USR_1025,55.49
ORD_84711,2026-05-06 03:07:45,USR_1038,193.24
ORD_97287,2026-05-06 23:01:25,USR_1141,220.92
ORD_83532,2026-05-06 12:12:27,USR_1072,69.16
ORD_53128,2026-05-06 15:24:42,USR_1129,101.53
ORD_98874,2026-05-06 23:43:22,USR_1114,246.08
ORD_96848,2026-05-06 21:12:10,USR_1076,85.44
ORD_88166,2026-05-06 20:52:55,USR_1026,95.4
ORD_77749,2026-05-06 19:11:21,USR_1149,134.73
ORD_96605,2026-05-06 16:02:37,USR_1129,49.24
ORD_76779,2026-05-06 16:36:32,USR_1030,158.37
ORD_64128,2026-05-06 17:42:49,USR_1036,224.48
ORD_89695,2026-05-06 17:32:51,USR_1121,211.93
ORD_60853,2026-05-06 14:07:12,USR_1101,168.56
ORD_90547,2026-05-06 00:55:42,USR_1143,39.58
ORD_57882,2026-05-06 19:45:24,USR_1128,226.28
ORD_77193,2026-05-06 22:06:45,USR_1087,120.51
ORD_96746,2026-05-07 03:16:50,USR_1078,61.74
ORD_75234,2026-05-07 01:55:07,USR_1061,193.05
ORD_76656,2026-05-07 09:49:25,USR_1032,90.06
ORD_83444,2026-05-07 02:12:59,USR_1054,154.59
ORD_58059,2026-05-07 10:15:30,USR_1041,110.92
ORD_71078,2026-05-07 22:15:07,USR_1069,76.56
ORD_92539,2026-05-07 15:04:34,USR_1020,201.08
ORD_74666,2026-05-07 23:44:09,USR_1137,243.57
ORD_90975,2026-05-07 00:21:36,USR_1005,207.74
ORD_91840,2026-05-07 13:13:54,USR_1071,246.38
ORD_98418,2026-05-07 14:27:01,USR_1071,64.57
ORD_87349,2026-05-07 20:36:41,USR_1016,49.31
ORD_92600,2026-05-07 19:25:47,USR_1109,167.42
ORD_71935,2026-05-07 08:11:49,USR_1071,110.13
ORD_71576,2026-05-07 02:59:57,USR_1063,65.28
ORD_86651,2026-05-07 16:06:30,USR_1077,175.84
ORD_90646,2026-05-07 08:30:37,USR_1118,202.89
ORD_62614,2026-05-07 22:34:16,USR_1086,95.48
ORD_66795,2026-05-07 03:56:50,USR_1003,166.59
ORD_53964,2026-05-07 12:57:45,USR_1035,203.32
ORD_86664,2026-05-07 00:18:36,USR_1129,208.41
ORD_50440,2026-05-07 17:31:44,USR_1047,210.0
ORD_58571,2026-05-07 13:34:32,USR_1036,223.03
ORD_66026,2026-05-07 06:55:56,USR_1136,244.71
ORD_96693,2026-05-07 18:33:02,USR_1118,61.17
ORD_65360,2026-05-07 09:47:10,USR_1051,123.98
ORD_54675,2026-05-07 03:01:28,USR_1058,42.63
ORD_50559,2026-05-07 09:07:18,USR_1139,229.85
ORD_78101,2026-05-07 21:23:44,USR_1080,214.53
ORD_58411,2026-05-07 15:13:29,USR_1112,152.83
ORD_87196,2026-05-07 08:14:23,USR_1083,155.0
ORD_54175,2026-05-07 01:11:53,USR_1039,238.2
ORD_59351,2026-05-07 22:00:32,USR_1070,66.39
ORD_99929,2026-05-07 05:46:05,USR_1126,114.59
ORD_75996,2026-05-07 23:17:21,USR_1102,216.83
ORD_54471,2026-05-07 01:23:58,USR_1064,131.49
ORD_50305,2026-05-07 23:21:37,USR_1113,32.06
ORD_56209,2026-05-07 07:59:08,USR_1145,59.44
ORD_95064,2026-05-07 21:51:48,USR_1044,166.13
ORD_98359,2026-05-07 23:20:08,USR_1031,91.04
ORD_68904,2026-05-07 11:59:33,USR_1071,169.05
ORD_78990,2026-05-07 19:39:49,USR_1063,93.98
ORD_91654,2026-05-07 07:12:53,USR_1108,152.58
ORD_68561,2026-05-07 21:41:32,USR_1118,90.34
ORD_75863,2026-05-07 06:56:03,USR_1003,232.91
ORD_52261,2026-05-07 23:08:32,USR_1063,75.74
ORD_59657,2026-05-07 13:10:27,USR_1116,237.18
ORD_60867,2026-05-07 04:16:20,USR_1098,221.48
ORD_54577,2026-05-07 07:38:41,USR_1125,20.36
ORD_96140,2026-05-07 15:14:12,USR_1045,106.17
ORD_99146,2026-05-08 07:13:52,USR_1047,66.22
ORD_67437,2026-05-08 02:22:09,USR_1025,22.19
ORD_65702,2026-05-08 17:43:12,USR_1087,249.87
ORD_84775,2026-05-08 12:02:31,USR_1000,158.44
ORD_81754,2026-05-08 23:15:08,USR_1113,73.72
ORD_84082,2026-05-08 15:36:05,USR_1049,183.75
ORD_81599,2026-05-08 18:09:21,USR_1077,239.66
ORD_71810,2026-05-08 17:22:12,USR_1023,202.97
ORD_57581,2026-05-08 13:45:31,USR_1059,71.42
ORD_80186,2026-05-08 13:18:39,USR_1002,143.81
ORD_58091,2026-05-08 21:55:06,USR_1128,247.78
ORD_69601,2026-05-08 05:34:32,USR_1124,187.3
ORD_87824,2026-05-08 14:21:33,USR_1033,170.57
ORD_59673,2026-05-08 07:39:13,USR_1050,176.01
ORD_56196,2026-05-08 17:49:57,USR_1070,179.56
ORD_54161,2026-05-08 21:36:33,USR_1098,42.87
ORD_95561,2026-05-08 21:18:17,USR_1046,218.26
ORD_52294,2026-05-08 04:42:44,USR_1065,215.83
ORD_70508,2026-05-08 01:42:31,USR_1147,132.8
ORD_62325,2026-05-08 19:03:07,USR_1011,74.53
ORD_92452,2026-05-08 19:32:04,USR_1018,149.64
ORD_94825,2026-05-08 15:48:22,USR_1031,142.24
ORD_61190,2026-05-08 19:17:11,USR_1025,226.21
ORD_93094,2026-05-08 21:39:51,USR_1131,184.04
ORD_66325,2026-05-08 04:37:16,USR_1096,182.73
ORD_53762,2026-05-08 14:48:56,USR_1023,57.98
ORD_58940,2026-05-08 03:06:14,USR_1130,234.46
ORD_98884,2026-05-08 17:29:25,USR_1003,161.75
ORD_52775,2026-05-08 00:17:36,USR_1135,177.34
ORD_58737,2026-05-08 22:08:17,USR_1019,104.42
ORD_98620,2026-05-08 17:49:46,USR_1128,186.98
ORD_67270,2026-05-08 09:02:40,USR_1071,196.35
ORD_76298,2026-05-08 03:46:10,USR_1058,47.71
ORD_50035,2026-05-08 13:15:45,USR_1012,61.8
ORD_73683,2026-05-08 04:05:00,USR_1003,190.5
ORD_56464,2026-05-08 04:45:53,USR_1049,182.07
ORD_79391,2026-05-08 04:40:58,USR_1107,225.83
ORD_54914,2026-05-08 01:40:54,USR_1136,220.16
ORD_97223,2026-05-08 00:09:22,USR_1146,135.88
ORD_92509,2026-05-08 10:08:18,USR_1069,46.72
ORD_64459,2026-05-08 23:57:40,USR_1052,207.87
ORD_61647,2026-05-09 06:53:34,USR_1079,57.47
ORD_67541,2026-05-09 13:59:45,USR_1028,197.13
ORD_69447,2026-05-09 19:48:33,USR_1011,43.65
ORD_64714,2026-05-09 23:53:11,USR_1043,247.88
ORD_59741,2026-05-09 03:48:14,USR_1000,218.19
ORD_58358,2026-05-09 02:28:03,USR_1147,94.3
ORD_82578,2026-05-09 17:32:37,USR_1098,116.29
ORD_77645,2026-05-09 19:38:36,USR_1021,153.62
ORD_51124,2026-05-09 19:12:11,USR_1092,20.66
ORD_77833,2026-05-09 08:11:41,USR_1035,180.11
ORD_73936,2026-05-09 13:33:11,USR_1027,26.94
ORD_53932,2026-05-09 10:55:36,USR_1073,45.59
ORD_84177,2026-05-09 20:51:02,USR_1069,243.82
ORD_98889,2026-05-09 13:45:59,USR_1054,62.25
ORD_60801,2026-05-09 20:23:36,USR_1103,210.27
ORD_85492,2026-05-09 03:57:55,USR_1019,84.91
ORD_87014,2026-05-09 06:51:11,USR_1021,244.63
ORD_98591,2026-05-09 18:13:50,USR_1080,96.2
ORD_72218,2026-05-09 23:51:01,USR_1041,200.63
ORD_70286,2026-05-09 08:43:27,USR_1019,52.8
ORD_96573,2026-05-09 10:47:05,USR_1017,36.36
ORD_70555,2026-05-09 10:27:37,USR_1131,214.31
ORD_69048,2026-05-09 22:37:05,USR_1039,216.2
ORD_76014,2026-05-09 16:58:53,USR_1046,188.31
ORD_73690,2026-05-09 05:41:18,USR_1097,34.35
ORD_82731,2026-05-09 11:48:11,USR_1117,234.78
ORD_91872,2026-05-09 11:32:18,USR_1104,165.89
ORD_89383,2026-05-09 21:05:11,USR_1009,198.11
ORD_85551,2026-05-09 04:34:21,USR_1090,101.01
ORD_90387,2026-05-09 23:06:00,USR_1022,169.41
ORD_52138,2026-05-09 15:00:05,USR_1127,135.77
ORD_61384,2026-05-09 14:16:25,USR_1100,244.79
ORD_91580,2026-05-09 01:01:46,USR_1033,246.19
ORD_59422,2026-05-09 10:49:51,USR_1137,83.24
ORD_81713,2026-05-09 00:23:09,USR_1145,248.56
ORD_57522,2026-05-09 22:05:28,USR_1137,219.38
ORD_76210,2026-05-09 12:43:13,USR_1111,137.91
ORD_96941,2026-05-09 02:26:10,USR_1026,149.02
ORD_53254,2026-05-09 22:09:42,USR_1081,65.57
ORD_51168,2026-05-09 04:32:34,USR_1147,24.89
ORD_92014,2026-05-09 20:16:52,USR_1116,133.47
ORD_65762,2026-05-09 04:23:26,USR_1081,140.01
ORD_56850,2026-05-09 18:02:04,USR_1054,63.22
ORD_77727,2026-05-09 13:16:02,USR_1048,35.79
ORD_65765,2026-05-09 05:59:55,USR_1027,191.36
ORD_53220,2026-05-09 14:28:28,USR_1069,105.05
ORD_94640,2026-05-09 06:55:42,USR_1132,119.72
ORD_98098,2026-05-09 19:24:12,USR_1070,43.3
ORD_95906,2026-05-09 12:40:18,USR_1047,135.75
ORD_80064,2026-05-09 12:14:59,USR_1124,78.31
ORD_84033,2026-05-09 00:31:31,USR_1028,82.09
ORD_68991,2026-05-09 10:31:19,USR_1002,140.33
ORD_69793,2026-05-10 17:15:26,USR_1025,225.4
ORD_77283,2026-05-10 21:45:40,USR_1051,77.5
ORD_78960,2026-05-10 20:39:25,USR_1024,51.88
ORD_76886,2026-05-10 11:26:02,USR_1109,127.31
ORD_69224,2026-05-10 22:25:29,USR_1139,226.98
ORD_82460,2026-05-10 21:18:25,USR_1036,149.27
ORD_63153,2026-05-10 04:59:18,USR_1039,163.44
ORD_56789,2026-05-10 04:11:51,USR_1000,76.86
ORD_62111,2026-05-10 19:55:51,USR_1037,166.33
ORD_56554,2026-05-10 18:39:07,USR_1074,86.57
ORD_77841,2026-05-10 21:27:46,USR_1027,126.71
ORD_54113,2026-05-10 00:21:33,USR_1091,109.84
ORD_60431,2026-05-10 21:27:23,USR_1007,215.97
ORD_98014,2026-05-10 08:27:43,USR_1027,245.71
ORD_74748,2026-05-10 02:40:14,USR_1027,180.71
ORD_68749,2026-05-10 04:52:10,USR_1125,120.63
ORD_93821,2026-05-10 08:13:24,USR_1041,164.7
ORD_81046,2026-05-10 06:46:34,USR_1053,151.19
ORD_74649,2026-05-10 18:15:24,USR_1112,118.33
ORD_87706,2026-05-10 10:34:23,USR_1073,37.2
ORD_57266,2026-05-10 08:48:37,USR_1139,180.43
ORD_71924,2026-05-10 21:13:59,USR_1107,80.0
ORD_86952,2026-05-10 02:10:53,USR_1052,133.52
ORD_75370,2026-05-10 02:02:25,USR_1050,130.9
ORD_53796,2026-05-10 05:02:24,USR_1112,98.92
ORD_58304,2026-05-10 15:03:08,USR_1014,37.62
ORD_85628,2026-05-10 10:39:32,USR_1101,77.55
ORD_86136,2026-05-10 07:31:16,USR_1077,236.53
ORD_72717,2026-05-10 10:41:03,USR_1128,44.01
ORD_67714,2026-05-10 08:34:42,USR_1127,212.35
ORD_94431,2026-05-10 22:38:59,USR_1099,239.07
ORD_67982,2026-05-10 05:55:58,USR_1071,203.91
ORD_78829,2026-05-10 04:32:50,USR_1113,126.43
ORD_78864,2026-05-10 07:57:20,USR_1080,239.26
ORD_97012,2026-05-10 08:30:06,USR_1009,29.65
ORD_57417,2026-05-10 19:41:49,USR_1019,136.6
ORD_83475,2026-05-10 13:25:24,USR_1074,205.85
ORD_87646,2026-05-10 21:13:46,USR_1038,150.04
ORD_87699,2026-05-10 19:14:45,USR_1120,81.91
ORD_86730,2026-05-10 11:29:22,USR_1092,38.33
ORD_68801,2026-05-10 15:16:18,USR_1145,159.28
ORD_57916,2026-05-10 15:21:08,USR_1116,23.57
ORD_51568,2026-05-10 15:15:44,USR_1008,211.79
ORD_95673,2026-05-10 06:06:23,USR_1033,49.31
ORD_97351,2026-05-10 21:38:21,USR_1112,60.65
ORD_75170,2026-05-10 17:59:44,USR_1109,85.61
ORD_90335,2026-05-10 11:37:39,USR_1036,84.0
ORD_52604,2026-05-10 10:09:53,USR_1024,157.63
ORD_79718,2026-05-10 02:53:47,USR_1129,97.13
ORD_96209,2026-05-10 22:58:33,USR_1110,43.1
ORD_64431,2026-05-10 18:59:34,USR_1035,154.86
ORD_86551,2026-05-10 23:07:50,USR_1132,35.47
ORD_65197,2026-05-10 23:00:24,USR_1046,221.91
ORD_71180,2026-05-10 08:34:15,USR_1074,149.32
ORD_90193,2026-05-10 16:19:19,USR_1028,238.01
ORD_96185,2026-05-10 22:15:18,USR_1097,40.76
ORD_52771,2026-05-10 09:04:51,USR_1009,202.01
ORD_85500,2026-05-10 03:06:27,USR_1018,190.81
ORD_77862,2026-05-10 22:02:47,USR_1024,200.5
ORD_64565,2026-05-10 07:24:25,USR_1067,118.79
ORD_55497,2026-05-10 12:07:36,USR_1021,156.48
ORD_99482,2026-05-10 05:30:14,USR_1082,178.79
ORD_57449,2026-05-10 04:39:02,USR_1041,120.65
ORD_60875,2026-05-10 04:18:31,USR_1095,149.68
ORD_63803,2026-05-10 05:10:47,USR_1064,128.59
ORD_98317,2026-05-10 20:32:52,USR_1032,242.33
ORD_50016,2026-05-10 00:06:48,USR_1055,129.36
ORD_82792,2026-05-10 11:48:15,USR_1013,95.23
ORD_61666,2026-05-10 20:25:52,USR_1111,169.98
ORD_62516,2026-05-10 00:56:47,USR_1143,221.55
ORD_50367,2026-05-10 13:56:39,USR_1092,140.98
ORD_95580,2026-05-10 09:15:26,USR_1122,111.61
ORD_96747,2026-05-10 17:15:16,USR_1007,160.97
ORD_93548,2026-05-10 10:07:32,USR_1004,138.76
ORD_67474,2026-05-10 14:41:33,USR_1128,53.93
ORD_61960,2026-05-10 04:18:18,USR_1029,231.14
ORD_74545,2026-05-10 03:09:27,USR_1081,70.03
ORD_96262,2026-05-10 16:46:47,USR_1063,32.27
ORD_67878,2026-05-10 10:28:37,USR_1071,212.11
ORD_87925,2026-05-10 07:16:31,USR_1075,132.67
ORD_85255,2026-05-10 13:15:29,USR_1149,108.71
ORD_83014,2026-05-10 20:43:44,USR_1111,180.92
ORD_74397,2026-05-10 04:13:11,USR_1119,154.97
ORD_50517,2026-05-10 20:32:32,USR_1091,219.95
ORD_65963,2026-05-10 19:56:18,USR_1005,128.92
ORD_65355,2026-05-10 09:13:31,USR_1076,29.23
ORD_60441,2026-05-10 07:25:38,USR_1095,21.14
ORD_80374,2026-05-10 12:34:40,USR_1120,173.74
ORD_93901,2026-05-10 11:56:31,USR_1018,99.78
ORD_62318,2026-05-10 13:27:21,USR_1058,51.76
ORD_72694,2026-05-10 15:22:55,USR_1041,205.43
ORD_96663,2026-05-10 11:03:25,USR_1095,199.63
ORD_96370,2026-05-10 15:27:07,USR_1086,238.09
ORD_57965,2026-05-10 21:30:41,USR_1118,84.79
ORD_73388,2026-05-10 09:12:35,USR_1068,61.11
ORD_58261,2026-05-10 13:01:45,USR_1021,143.05
ORD_55161,2026-05-10 13:35:55,USR_1037,245.46
ORD_87414,2026-05-10 00:50:02,USR_1065,202.54
ORD_64103,2026-05-10 09:31:28,USR_1095,151.87
ORD_61879,2026-05-10 15:56:01,USR_1011,159.06
ORD_99021,2026-05-10 09:20:15,USR_1088,39.11
ORD_51534,2026-05-10 17:02:29,USR_1039,115.54
ORD_98133,2026-05-10 14:25:40,USR_1054,196.38
ORD_92801,2026-05-10 14:35:26,USR_1025,108.17
ORD_71300,2026-05-10 22:33:30,USR_1035,237.46
ORD_60576,2026-05-11 00:51:38,USR_1049,215.57
ORD_54577,2026-05-11 18:14:00,USR_1118,186.07
ORD_77334,2026-05-11 00:17:01,USR_1098,36.18
ORD_96964,2026-05-11 00:53:05,USR_1010,103.58
ORD_51700,2026-05-11 16:24:48,USR_1037,140.01
ORD_51835,2026-05-11 10:45:38,USR_1032,166.46
ORD_92195,2026-05-11 09:28:40,USR_1043,243.65
ORD_52152,2026-05-11 13:00:04,USR_1051,103.62
ORD_66251,2026-05-11 09:54:14,USR_1114,150.34
ORD_57308,2026-05-11 19:46:09,USR_1148,118.84
ORD_82283,2026-05-11 16:08:12,USR_1104,158.31
ORD_91020,2026-05-11 23:31:01,USR_1143,135.7
ORD_82884,2026-05-11 12:29:02,USR_1059,69.04
ORD_69897,2026-05-11 11:52:54,USR_1067,128.56
ORD_86915,2026-05-11 13:31:40,USR_1078,90.84
ORD_67954,2026-05-11 15:35:23,USR_1128,121.22
ORD_53677,2026-05-11 01:42:02,USR_1096,33.64
ORD_99140,2026-05-11 23:18:56,USR_1028,128.52
ORD_73673,2026-05-11 20:16:47,USR_1080,240.16
ORD_71434,2026-05-11 01:46:16,USR_1008,240.75
ORD_86588,2026-05-11 19:38:01,USR_1144,41.19
ORD_78242,2026-05-11 04:06:39,USR_1018,196.44
ORD_72269,2026-05-11 10:05:53,USR_1046,169.0
ORD_90874,2026-05-11 16:33:15,USR_1147,87.58
ORD_61900,2026-05-11 23:49:03,USR_1037,67.41
ORD_98538,2026-05-11 18:27:54,USR_1030,236.36
ORD_51964,2026-05-11 06:17:50,USR_1132,200.91
ORD_51692,2026-05-11 18:08:24,USR_1078,26.55
ORD_99971,2026-05-11 12:05:28,USR_1120,144.08
ORD_64372,2026-05-11 23:55:29,USR_1146,65.15
ORD_90305,2026-05-11 18:45:33,USR_1036,84.93
ORD_74560,2026-05-11 11:59:46,USR_1033,95.43
ORD_81939,2026-05-11 04:19:06,USR_1047,78.72
ORD_83482,2026-05-11 11:12:01,USR_1101,208.61
ORD_65101,2026-05-11 19:09:47,USR_1136,103.41
ORD_76894,2026-05-11 00:01:52,USR_1064,33.62
ORD_99845,2026-05-11 04:31:03,USR_1036,174.61
ORD_99430,2026-05-11 10:53:59,USR_1138,222.45
ORD_55804,2026-05-11 22:50:57,USR_1057,140.25
ORD_71550,2026-05-11 15:45:55,USR_1064,167.26
ORD_87068,2026-05-11 08:05:01,USR_1143,159.53
ORD_57698,2026-05-11 13:42:01,USR_1025,152.39
ORD_78851,2026-05-11 08:42:38,USR_1088,168.83
ORD_71558,2026-05-11 22:53:03,USR_1006,165.02
ORD_61275,2026-05-11 05:52:26,USR_1142,199.62
ORD_56638,2026-05-11 18:13:32,USR_1085,210.6
ORD_76001,2026-05-11 03:19:07,USR_1087,142.55
ORD_52672,2026-05-11 04:51:49,USR_1057,121.78
ORD_64350,2026-05-11 08:58:30,USR_1057,211.65
ORD_91107,2026-05-11 16:00:13,USR_1132,153.61
ORD_56332,2026-05-11 19:41:40,USR_1137,153.16
ORD_92268,2026-05-11 18:29:42,USR_1089,185.04
ORD_78585,2026-05-11 20:11:53,USR_1119,134.34
ORD_83289,2026-05-11 11:18:13,USR_1145,203.64
ORD_73484,2026-05-11 14:50:17,USR_1138,183.79
ORD_82438,2026-05-11 15:04:53,USR_1046,26.78
ORD_50113,2026-05-11 19:05:35,USR_1095,41.96
ORD_61632,2026-05-11 07:58:15,USR_1112,182.46
ORD_70425,2026-05-11 18:29:29,USR_1113,205.66
ORD_85912,2026-05-11 06:07:08,USR_1127,233.58
ORD_65692,2026-05-11 14:10:56,USR_1063,104.11
ORD_99605,2026-05-11 21:33:18,USR_1133,139.98
ORD_85015,2026-05-11 01:32:31,USR_1022,190.03
ORD_95821,2026-05-11 19:36:31,USR_1111,105.29
ORD_71676,2026-05-11 01:39:43,USR_1061,171.71
ORD_92817,2026-05-11 05:42:09,USR_1063,67.12
ORD_64612,2026-05-11 09:15:01,USR_1032,172.48
ORD_66436,2026-05-11 06:53:48,USR_1081,217.68
ORD_66107,2026-05-11 08:13:29,USR_1049,35.96
ORD_94876,2026-05-11 21:55:44,USR_1081,33.04
ORD_56802,2026-05-11 02:23:17,USR_1094,28.84
ORD_99949,2026-05-11 08:31:30,USR_1097,217.11
ORD_65575,2026-05-11 23:39:03,USR_1115,229.36
ORD_96700,2026-05-11 13:15:48,USR_1052,76.58
ORD_70112,2026-05-11 06:59:07,USR_1104,106.21
ORD_60270,2026-05-11 23:46:01,USR_1055,97.67
ORD_50568,2026-05-11 17:44:21,USR_1016,39.72
ORD_56361,2026-05-11 20:07:42,USR_1037,229.11
ORD_54514,2026-05-11 16:18:30,USR_1125,223.89
ORD_68366,2026-05-11 21:58:20,USR_1064,64.17
ORD_90905,2026-05-11 01:29:47,USR_1141,27.22
ORD_97128,2026-05-11 13:41:14,USR_1033,236.87
ORD_53680,2026-05-12 22:30:17,USR_1039,160.89
ORD_88784,2026-05-12 07:02:31,USR_1073,188.26
ORD_85520,2026-05-12 02:14:36,USR_1050,80.55
ORD_72594,2026-05-12 23:09:35,USR_1055,118.1
ORD_82369,2026-05-12 08:47:12,USR_1016,34.17
ORD_94204,2026-05-12 12:33:28,USR_1003,244.75
ORD_70543,2026-05-12 11:38:54,USR_1076,195.58
ORD_60474,2026-05-12 08:19:25,USR_1124,237.89
ORD_64182,2026-05-12 11:47:25,USR_1132,236.97
ORD_97497,2026-05-12 22:58:27,USR_1135,84.84
ORD_89491,2026-05-12 18:37:40,USR_1098,132.92
ORD_70973,2026-05-12 23:04:41,USR_1083,200.25
ORD_98201,2026-05-12 17:39:51,USR_1075,188.69
ORD_90178,2026-05-12 11:30:00,USR_1101,60.94
ORD_56701,2026-05-12 02:03:14,USR_1017,52.18
ORD_63582,2026-05-12 14:36:32,USR_1140,209.25
ORD_64352,2026-05-12 02:04:15,USR_1122,29.75
ORD_52359,2026-05-12 10:34:18,USR_1010,66.03
ORD_91135,2026-05-12 02:57:25,USR_1038,143.33
ORD_99425,2026-05-12 22:42:19,USR_1040,212.01
ORD_92690,2026-05-12 09:30:00,USR_1114,158.77
ORD_69881,2026-05-12 01:32:14,USR_1054,223.93
ORD_50810,2026-05-12 13:09:41,USR_1130,25.48
ORD_69886,2026-05-12 22:27:18,USR_1000,233.94
ORD_62503,2026-05-12 16:13:03,USR_1094,69.52
ORD_51478,2026-05-12 06:23:11,USR_1028,82.82
ORD_51959,2026-05-12 20:31:19,USR_1101,175.94
ORD_67516,2026-05-12 00:30:08,USR_1122,66.62
ORD_72727,2026-05-12 13:37:12,USR_1082,189.09
ORD_66593,2026-05-12 10:40:37,USR_1126,39.88
ORD_72508,2026-05-12 05:02:41,USR_1042,224.64
ORD_63488,2026-05-12 18:27:43,USR_1146,52.09
ORD_50264,2026-05-12 14:27:29,USR_1107,43.88
ORD_54732,2026-05-12 05:41:16,USR_1126,53.2
ORD_57795,2026-05-12 10:47:03,USR_1053,124.1
ORD_99745,2026-05-12 21:24:01,USR_1009,241.44
ORD_99089,2026-05-12 03:10:35,USR_1024,124.58
ORD_95687,2026-05-12 21:37:55,USR_1046,126.53
ORD_79604,2026-05-12 20:35:18,USR_1132,132.95
ORD_55034,2026-05-12 10:42:20,USR_1010,177.97
ORD_98519,2026-05-12 21:16:00,USR_1042,52.02
ORD_67236,2026-05-13 05:55:37,USR_1146,105.86
ORD_50580,2026-05-13 00:25:37,USR_1068,154.68
ORD_59529,2026-05-13 06:17:56,USR_1032,217.3
ORD_78303,2026-05-13 09:01:06,USR_1104,33.72
ORD_92338,2026-05-13 13:37:41,USR_1130,224.41
ORD_52025,2026-05-13 23:09:18,USR_1061,119.53
ORD_68404,2026-05-13 15:12:42,USR_1143,83.8
ORD_72440,2026-05-13 22:03:34,USR_1023,179.03
ORD_88956,2026-05-13 19:24:54,USR_1069,221.19
ORD_88125,2026-05-13 10:46:06,USR_1092,203.55
ORD_91513,2026-05-13 18:57:28,USR_1030,157.57
ORD_54721,2026-05-13 17:39:57,USR_1037,78.59
ORD_90918,2026-05-13 15:25:18,USR_1010,97.65
ORD_86287,2026-05-13 08:03:17,USR_1060,54.89
ORD_76633,2026-05-13 03:20:35,USR_1024,76.62
ORD_55373,2026-05-13 11:15:29,USR_1059,43.08
ORD_84336,2026-05-13 22:25:07,USR_1111,201.61
ORD_74998,2026-05-13 17:27:09,USR_1043,214.56
ORD_55194,2026-05-13 13:17:45,USR_1058,31.51
ORD_98568,2026-05-13 14:55:22,USR_1013,151.7
ORD_61713,2026-05-13 08:36:49,USR_1050,81.88
ORD_57200,2026-05-13 08:50:00,USR_1116,60.28
ORD_99108,2026-05-13 19:44:45,USR_1147,185.22
ORD_64881,2026-05-13 21:31:17,USR_1036,23.77
ORD_86150,2026-05-13 12:47:06,USR_1090,208.85
ORD_84150,2026-05-13 05:19:39,USR_1130,70.3
ORD_96810,2026-05-13 19:58:21,USR_1096,95.93
ORD_75158,2026-05-13 16:01:58,USR_1050,41.43
ORD_52455,2026-05-13 05:32:15,USR_1016,57.58
ORD_96960,2026-05-13 21:02:18,USR_1039,173.58
ORD_60646,2026-05-13 18:26:43,USR_1076,38.66
ORD_88892,2026-05-13 15:40:45,USR_1073,157.54
ORD_71636,2026-05-13 10:37:36,USR_1042,225.36
ORD_67038,2026-05-14 21:37:14,USR_1016,126.34
ORD_72194,2026-05-14 05:45:10,USR_1072,27.37
ORD_63798,2026-05-14 11:10:56,USR_1079,173.24
ORD_57714,2026-05-14 08:46:32,USR_1015,155.17
ORD_73868,2026-05-14 15:52:37,USR_1121,170.92
ORD_96359,2026-05-14 16:53:58,USR_1083,191.41
ORD_81909,2026-05-14 15:23:29,USR_1064,115.63
ORD_93166,2026-05-14 12:17:38,USR_1026,96.48
ORD_92733,2026-05-14 15:12:47,USR_1115,80.88
ORD_68845,2026-05-14 23:19:25,USR_1136,172.1
ORD_50931,2026-05-14 04:14:43,USR_1099,170.9
ORD_77235,2026-05-14 00:46:25,USR_1033,174.52
ORD_85541,2026-05-14 05:54:44,USR_1073,91.18
ORD_90263,2026-05-14 16:27:56,USR_1031,130.69
ORD_60508,2026-05-14 06:54:11,USR_1041,53.54
ORD_56289,2026-05-14 23:38:27,USR_1021,50.84
ORD_85198,2026-05-14 17:15:13,USR_1081,76.59
ORD_77002,2026-05-14 10:57:07,USR_1071,98.19
ORD_56236,2026-05-14 10:24:11,USR_1025,103.38
ORD_93116,2026-05-14 10:05:47,USR_1076,228.45
ORD_88555,2026-05-14 23:57:56,USR_1024,238.27
ORD_62132,2026-05-14 19:45:21,USR_1067,96.83
ORD_84273,2026-05-14 17:09:08,USR_1032,21.22
ORD_62528,2026-05-14 22:27:38,USR_1107,113.28
ORD_65129,2026-05-14 09:13:35,USR_1033,183.55
ORD_57380,2026-05-14 09:07:14,USR_1055,83.61
ORD_59220,2026-05-14 02:11:37,USR_1028,222.7
ORD_51330,2026-05-14 13:31:31,USR_1079,191.67
ORD_50220,2026-05-14 09:12:28,USR_1142,244.81
ORD_62279,2026-05-14 05:26:59,USR_1083,130.63
ORD_93898,2026-05-14 03:58:26,USR_1051,164.63
ORD_58894,2026-05-14 01:37:06,USR_1119,121.49
ORD_79480,2026-05-14 03:32:55,USR_1065,167.89
ORD_85185,2026-05-14 07:37:43,USR_1087,201.95
ORD_95604,2026-05-14 22:55:49,USR_1011,171.18
ORD_52962,2026-05-14 22:51:19,USR_1040,73.87
ORD_97452,2026-05-14 16:47:32,USR_1115,186.92
ORD_63879,2026-05-14 13:39:18,USR_1136,195.82
ORD_88946,2026-05-14 09:43:22,USR_1115,56.2
ORD_57416,2026-05-14 03:19:45,USR_1136,238.4
ORD_65191,2026-05-14 20:24:42,USR_1046,143.98
ORD_55476,2026-05-14 04:37:34,USR_1012,143.97
ORD_72130,2026-05-14 23:06:09,USR_1070,248.33
ORD_99647,2026-05-14 01:06:03,USR_1002,94.17
ORD_73156,2026-05-14 17:31:13,USR_1112,185.42
ORD_51113,2026-05-15 07:36:08,USR_1105,200.9
ORD_92190,2026-05-15 09:13:35,USR_1066,241.29
ORD_93876,2026-05-15 02:24:40,USR_1102,151.43
ORD_97791,2026-05-15 14:42:09,USR_1094,240.62
ORD_74141,2026-05-15 14:59:51,USR_1057,188.08
ORD_58798,2026-05-15 08:48:57,USR_1084,186.86
ORD_63692,2026-05-15 01:23:06,USR_1052,230.79
ORD_59267,2026-05-15 12:57:00,USR_1134,187.54
ORD_58111,2026-05-15 03:45:13,USR_1024,185.89
ORD_76541,2026-05-15 19:50:30,USR_1050,69.86
ORD_51741,2026-05-15 18:14:48,USR_1047,68.0
ORD_77230,2026-05-15 12:10:53,USR_1030,240.88
ORD_99579,2026-05-15 10:39:46,USR_1059,154.91
ORD_98964,2026-05-15 02:49:08,USR_1065,143.3
ORD_52643,2026-05-15 22:49:45,USR_1067,86.79
ORD_51033,2026-05-15 18:29:35,USR_1146,61.81
ORD_99774,2026-05-15 21:47:39,USR_1141,167.6
ORD_73998,2026-05-15 21:53:00,USR_1075,53.39
ORD_51394,2026-05-15 21:06:42,USR_1144,43.68
ORD_64616,2026-05-15 18:14:18,USR_1027,62.54
ORD_51504,2026-05-15 10:44:45,USR_1110,163.11
ORD_97474,2026-05-15 15:14:06,USR_1113,236.9
ORD_59649,2026-05-15 00:07:55,USR_1087,26.89
ORD_75063,2026-05-15 14:48:48,USR_1023,200.23
ORD_76127,2026-05-15 06:56:55,USR_1049,198.76
ORD_90100,2026-05-15 02:17:36,USR_1029,173.71
ORD_91257,2026-05-15 22:57:19,USR_1104,197.94
ORD_64451,2026-05-15 19:01:02,USR_1149,187.89
ORD_98880,2026-05-15 15:00:16,USR_1142,203.69
ORD_94212,2026-05-15 05:52:29,USR_1101,235.41
ORD_57380,2026-05-15 16:55:01,USR_1052,20.11
ORD_72607,2026-05-15 07:59:34,USR_1126,145.61
ORD_75925,2026-05-15 10:49:15,USR_1012,52.4
ORD_85347,2026-05-15 12:24:41,USR_1059,221.19
ORD_87514,2026-05-15 08:52:11,USR_1131,97.85
ORD_71957,2026-05-15 22:55:37,USR_1093,23.41
ORD_61417,2026-05-15 19:38:57,USR_1018,140.25
ORD_85511,2026-05-15 21:39:28,USR_1142,163.39
ORD_69127,2026-05-15 01:24:17,USR_1064,136.69
ORD_85649,2026-05-15 18:30:08,USR_1045,74.11
ORD_59824,2026-05-15 02:52:26,USR_1126,108.43
ORD_62855,2026-05-15 22:43:39,USR_1081,138.71
ORD_62205,2026-05-15 18:00:54,USR_1000,111.68
ORD_75569,2026-05-15 22:46:57,USR_1094,193.78
ORD_90067,2026-05-15 19:05:02,USR_1090,210.09
ORD_72501,2026-05-15 09:31:06,USR_1083,230.21
ORD_96570,2026-05-15 12:31:13,USR_1129,44.43
ORD_68828,2026-05-15 18:54:48,USR_1124,197.79
ORD_96182,2026-05-15 21:01:36,USR_1028,65.8
ORD_84375,2026-05-15 03:55:52,USR_1044,187.4
ORD_61621,2026-05-15 22:37:04,USR_1009,198.56
ORD_98005,2026-05-15 16:39:11,USR_1143,33.83
ORD_86530,2026-05-15 08:34:50,USR_1035,235.09
ORD_68636,2026-05-15 01:15:31,USR_1025,85.3
ORD_83771,2026-05-15 16:22:14,USR_1001,49.84
ORD_58276,2026-05-15 19:09:37,USR_1044,212.36
ORD_50531,2026-05-15 07:18:12,USR_1015,106.75
ORD_81462,2026-05-15 06:01:49,USR_1046,226.97
ORD_60142,2026-05-15 16:55:56,USR_1123,51.2
ORD_93101,2026-05-15 20:49:26,USR_1083,107.95
ORD_59428,2026-05-15 06:15:06,USR_1109,147.22
ORD_68995,2026-05-15 04:28:35,USR_1041,205.9
ORD_52914,2026-05-15 04:55:37,USR_1044,28.66
ORD_78729,2026-05-15 09:41:38,USR_1129,218.63
ORD_85061,2026-05-15 12:44:52,USR_1047,74.46
ORD_63031,2026-05-15 20:47:21,USR_1005,41.27
ORD_87784,2026-05-15 17:25:25,USR_1050,229.68
ORD_95009,2026-05-15 01:46:45,USR_1040,47.16
ORD_75072,2026-05-15 16:46:26,USR_1022,46.66
ORD_56791,2026-05-15 13:51:54,USR_1077,198.63
ORD_64065,2026-05-15 21:32:54,USR_1093,205.23
ORD_99975,2026-05-15 10:03:32,USR_1108,109.09
ORD_90594,2026-05-15 22:23:12,USR_1122,58.26
ORD_58518,2026-05-15 02:15:52,USR_1005,114.84
ORD_60393,2026-05-15 04:37:35,USR_1066,239.17
ORD_74306,2026-05-15 14:47:42,USR_1078,163.27
ORD_76125,2026-05-15 04:29:39,USR_1053,43.09
ORD_51997,2026-05-15 19:50:39,USR_1132,54.07
ORD_76254,2026-05-15 02:55:44,USR_1073,65.88
ORD_82517,2026-05-15 06:38:46,USR_1109,157.12
ORD_75796,2026-05-15 07:16:11,USR_1065,212.82
ORD_95840,2026-05-15 15:55:35,USR_1020,211.06
ORD_88568,2026-05-15 15:30:21,USR_1079,31.63
ORD_96381,2026-05-15 20:07:03,USR_1144,77.34
ORD_59728,2026-05-15 15:06:59,USR_1097,239.75
ORD_67308,2026-05-15 18:47:15,USR_1003,35.41
ORD_53599,2026-05-15 07:49:57,USR_1027,40.48
ORD_55484,2026-05-15 05:46:49,USR_1139,237.05
ORD_55472,2026-05-15 08:35:51,USR_1037,226.41
ORD_54627,2026-05-15 16:12:16,USR_1137,207.52
ORD_50755,2026-05-16 04:24:24,USR_1129,105.97
ORD_88694,2026-05-16 21:42:34,USR_1127,175.1
ORD_93927,2026-05-16 09:52:16,USR_1108,153.08
ORD_95280,2026-05-16 15:34:34,USR_1126,85.35
ORD_77632,2026-05-16 03:55:09,USR_1011,223.5
ORD_59941,2026-05-16 09:04:26,USR_1115,137.69
ORD_87609,2026-05-16 21:08:13,USR_1104,135.58
ORD_54155,2026-05-16 14:24:47,USR_1005,163.34
ORD_68246,2026-05-16 18:37:27,USR_1102,228.48
ORD_81735,2026-05-16 10:33:04,USR_1120,193.79
ORD_97807,2026-05-16 02:24:37,USR_1010,145.74
ORD_77112,2026-05-16 00:07:15,USR_1020,121.86
ORD_85777,2026-05-16 18:50:50,USR_1057,237.85
ORD_83208,2026-05-16 15:24:01,USR_1112,91.67
ORD_93247,2026-05-16 13:53:55,USR_1066,245.15
ORD_63575,2026-05-16 02:53:04,USR_1142,205.73
ORD_66398,2026-05-16 21:39:08,USR_1135,243.39
ORD_83188,2026-05-16 12:24:10,USR_1056,64.23
ORD_94254,2026-05-16 14:27:17,USR_1002,179.8
ORD_85183,2026-05-16 13:35:15,USR_1001,194.91
ORD_58378,2026-05-16 00:34:43,USR_1121,248.08
ORD_67904,2026-05-16 07:09:14,USR_1044,234.13
ORD_88583,2026-05-16 19:16:40,USR_1110,99.52
ORD_86535,2026-05-16 23:09:31,USR_1094,48.38
ORD_62684,2026-05-16 23:45:41,USR_1028,52.19
ORD_86378,2026-05-16 07:31:58,USR_1075,27.06
ORD_64250,2026-05-16 15:35:19,USR_1136,158.64
ORD_82921,2026-05-16 23:23:12,USR_1037,143.43
ORD_95259,2026-05-16 18:41:27,USR_1131,198.57
ORD_55868,2026-05-16 03:49:55,USR_1059,28.38
ORD_65615,2026-05-16 09:46:23,USR_1052,139.94
ORD_60296,2026-05-16 20:42:27,USR_1038,110.14
ORD_57938,2026-05-16 20:39:03,USR_1044,58.59
ORD_52969,2026-05-16 00:06:26,USR_1016,107.26
ORD_55479,2026-05-16 01:07:05,USR_1031,22.58
ORD_99487,2026-05-16 02:16:11,USR_1021,155.62
ORD_93807,2026-05-16 15:57:14,USR_1084,243.66
ORD_85015,2026-05-16 20:28:37,USR_1110,52.39
ORD_91633,2026-05-16 22:07:36,USR_1142,147.75
ORD_88755,2026-05-16 20:37:22,USR_1120,27.05
ORD_83455,2026-05-16 02:52:55,USR_1118,103.08
ORD_88811,2026-05-16 03:32:28,USR_1023,159.97
ORD_86277,2026-05-16 16:22:45,USR_1067,44.2
ORD_80104,2026-05-16 01:50:18,USR_1102,238.65
ORD_96994,2026-05-16 02:09:00,USR_1124,178.43
ORD_50067,2026-05-16 12:48:27,USR_1147,105.51
ORD_98990,2026-05-16 22:14:34,USR_1118,118.3
ORD_95817,2026-05-16 00:11:29,USR_1143,183.62
ORD_77009,2026-05-16 10:42:08,USR_1036,151.81
ORD_55416,2026-05-16 03:13:47,USR_1079,206.52
ORD_69449,2026-05-16 12:07:13,USR_1039,35.81
ORD_73097,2026-05-17 16:14:35,USR_1114,162.57
ORD_56561,2026-05-17 22:54:47,USR_1025,238.74
ORD_51559,2026-05-17 05:12:19,USR_1045,58.68
ORD_70561,2026-05-17 09:46:19,USR_1034,61.92
ORD_90477,2026-05-17 04:03:47,USR_1112,165.75
ORD_75734,2026-05-17 21:29:26,USR_1012,22.24
ORD_73538,2026-05-17 19:46:51,USR_1044,240.76
ORD_54630,2026-05-17 12:37:07,USR_1095,103.11
ORD_85880,2026-05-17 01:13:35,USR_1104,151.37
ORD_95577,2026-05-17 02:10:09,USR_1139,30.14
ORD_56242,2026-05-17 06:42:31,USR_1056,90.77
ORD_98296,2026-05-17 12:11:17,USR_1022,59.33
ORD_73181,2026-05-17 01:42:15,USR_1061,125.24
ORD_61026,2026-05-17 12:32:54,USR_1057,119.23
ORD_84226,2026-05-17 03:37:18,USR_1134,200.71
ORD_95833,2026-05-17 20:15:46,USR_1122,143.04
ORD_83679,2026-05-17 21:12:35,USR_1013,171.19
ORD_60190,2026-05-17 06:29:32,USR_1058,51.11
ORD_73586,2026-05-17 10:10:15,USR_1016,116.94
ORD_68153,2026-05-17 04:37:04,USR_1053,245.1
ORD_58335,2026-05-17 05:27:55,USR_1033,215.61
ORD_88309,2026-05-17 02:07:09,USR_1117,101.85
ORD_74780,2026-05-17 02:36:22,USR_1018,128.03
ORD_51911,2026-05-17 22:09:50,USR_1040,237.15
ORD_52659,2026-05-17 02:03:47,USR_1117,239.43
ORD_50559,2026-05-17 15:43:50,USR_1145,115.87
ORD_83730,2026-05-17 05:01:57,USR_1038,43.32
ORD_97471,2026-05-17 18:42:44,USR_1037,167.08
ORD_65690,2026-05-17 11:21:05,USR_1051,148.73
ORD_97105,2026-05-17 02:50:51,USR_1093,105.99
ORD_76304,2026-05-17 09:45:08,USR_1084,203.1
ORD_97718,2026-05-17 13:09:12,USR_1111,108.93
ORD_76155,2026-05-17 00:18:44,USR_1087,62.63
ORD_61909,2026-05-17 21:43:29,USR_1082,214.18
ORD_59311,2026-05-17 01:07:11,USR_1091,231.54
ORD_60251,2026-05-17 04:24:19,USR_1094,84.6
ORD_98625,2026-05-17 04:06:50,USR_1105,203.23
ORD_70957,2026-05-17 01:20:19,USR_1038,91.11
ORD_62983,2026-05-17 07:56:39,USR_1008,65.65
ORD_97129,2026-05-17 14:15:05,USR_1006,99.11
ORD_95431,2026-05-17 13:37:06,USR_1043,54.68
ORD_81043,2026-05-17 16:08:03,USR_1048,103.63
ORD_53208,2026-05-17 15:25:57,USR_1101,41.08
ORD_60380,2026-05-17 20:05:46,USR_1030,195.83
ORD_91305,2026-05-17 23:29:57,USR_1126,173.23
ORD_99397,2026-05-17 15:51:23,USR_1051,94.59
ORD_72682,2026-05-17 05:10:34,USR_1130,249.34
ORD_74708,2026-05-17 20:24:49,USR_1090,113.16
ORD_57519,2026-05-17 23:54:33,USR_1099,216.67
ORD_50413,2026-05-17 19:22:38,USR_1069,210.36
ORD_97210,2026-05-17 20:43:19,USR_1044,118.47
ORD_87327,2026-05-17 09:46:22,USR_1019,82.47
ORD_65547,2026-05-17 16:47:50,USR_1139,116.68
ORD_91285,2026-05-17 23:13:33,USR_1146,158.6
ORD_60390,2026-05-17 18:40:49,USR_1031,53.29
ORD_98438,2026-05-17 14:49:53,USR_1090,28.66
ORD_63493,2026-05-17 16:05:36,USR_1028,71.23
ORD_60584,2026-05-17 01:49:24,USR_1094,100.45
ORD_55135,2026-05-17 19:17:08,USR_1118,74.0
ORD_77128,2026-05-17 11:27:49,USR_1089,232.2
ORD_50522,2026-05-17 07:58:48,USR_1063,56.27
ORD_63371,2026-05-17 20:38:47,USR_1007,199.12
ORD_62396,2026-05-17 20:14:17,USR_1092,147.09
ORD_62030,2026-05-17 03:06:03,USR_1057,88.22
ORD_69185,2026-05-17 06:57:03,USR_1049,91.31
ORD_85407,2026-05-17 00:42:49,USR_1101,199.73
ORD_60047,2026-05-17 06:36:50,USR_1034,139.67
ORD_53713,2026-05-17 15:33:57,USR_1122,226.69
ORD_51903,2026-05-17 02:52:47,USR_1059,59.24
ORD_67068,2026-05-17 15:05:04,USR_1126,93.86
ORD_70752,2026-05-18 05:38:08,USR_1016,61.37
ORD_55540,2026-05-18 09:01:41,USR_1047,42.94
ORD_53242,2026-05-18 08:36:28,USR_1018,124.52
ORD_98183,2026-05-18 21:48:14,USR_1090,157.58
ORD_60718,2026-05-18 05:11:40,USR_1142,124.51
ORD_60892,2026-05-18 18:18:12,USR_1118,24.79
ORD_70527,2026-05-18 00:24:21,USR_1018,160.78
ORD_62123,2026-05-18 14:29:02,USR_1106,73.63
ORD_87532,2026-05-18 02:56:50,USR_1007,170.45
ORD_66014,2026-05-18 14:58:21,USR_1010,73.5
ORD_64616,2026-05-18 01:00:16,USR_1052,186.49
ORD_56184,2026-05-18 20:54:30,USR_1045,215.62
ORD_70557,2026-05-18 01:35:02,USR_1134,130.5
ORD_61815,2026-05-18 14:33:28,USR_1055,88.12
ORD_51121,2026-05-18 04:05:29,USR_1019,64.46
ORD_87247,2026-05-18 05:57:25,USR_1124,235.66
ORD_63052,2026-05-18 21:26:13,USR_1041,138.15
ORD_53041,2026-05-18 19:39:12,USR_1000,94.01
ORD_86251,2026-05-18 11:54:53,USR_1069,235.12
ORD_64885,2026-05-18 02:11:53,USR_1111,234.72
ORD_98954,2026-05-18 06:28:40,USR_1123,113.73
ORD_56865,2026-05-18 03:03:34,USR_1045,111.46
ORD_59984,2026-05-18 02:43:35,USR_1039,184.89
ORD_97731,2026-05-18 03:37:52,USR_1118,189.55
ORD_82975,2026-05-18 09:01:53,USR_1032,125.95
ORD_90418,2026-05-18 06:14:13,USR_1114,66.95
ORD_62683,2026-05-18 09:18:21,USR_1019,239.33
ORD_85155,2026-05-18 16:50:49,USR_1073,188.61
ORD_50647,2026-05-18 19:26:10,USR_1097,86.7
ORD_85445,2026-05-18 20:16:17,USR_1123,90.18
ORD_65503,2026-05-18 20:05:22,USR_1121,115.68
ORD_92122,2026-05-18 17:29:55,USR_1041,115.32
ORD_74525,2026-05-18 14:21:16,USR_1102,208.26
ORD_61682,2026-05-18 04:16:48,USR_1080,234.46
ORD_55363,2026-05-18 11:53:47,USR_1024,132.49
ORD_89055,2026-05-18 05:00:51,USR_1042,181.35
ORD_67740,2026-05-18 03:21:19,USR_1120,56.12
ORD_71052,2026-05-18 19:32:45,USR_1082,183.84
ORD_53587,2026-05-18 03:43:15,USR_1021,123.18
ORD_85016,2026-05-18 07:16:46,USR_1059,132.32
ORD_54498,2026-05-18 01:07:23,USR_1049,220.98
ORD_61409,2026-05-18 01:23:36,USR_1017,101.1
ORD_83545,2026-05-18 11:09:09,USR_1123,206.8
ORD_72377,2026-05-18 04:59:55,USR_1067,243.48
ORD_86313,2026-05-18 01:55:42,USR_1012,142.42
ORD_96155,2026-05-18 12:24:40,USR_1087,57.66
ORD_74309,2026-05-18 10:51:49,USR_1043,149.04
ORD_88819,2026-05-18 17:52:34,USR_1132,190.64
ORD_91897,2026-05-18 22:11:50,USR_1135,144.3
ORD_55228,2026-05-18 18:19:17,USR_1125,211.89
ORD_74274,2026-05-18 22:29:31,USR_1119,152.73
ORD_50779,2026-05-18 13:37:51,USR_1080,241.07
ORD_87585,2026-05-18 04:27:02,USR_1136,48.9
ORD_52769,2026-05-18 17:17:27,USR_1062,186.41
ORD_71478,2026-05-18 20:55:06,USR_1135,29.82
ORD_72495,2026-05-18 02:14:51,USR_1076,36.03
ORD_69129,2026-05-18 00:16:54,USR_1093,165.56
ORD_57581,2026-05-18 14:04:26,USR_1088,201.67
ORD_96189,2026-05-18 12:30:47,USR_1075,78.98
ORD_91603,2026-05-18 15:02:01,USR_1008,97.0
ORD_64024,2026-05-18 04:33:02,USR_1048,132.8
ORD_95558,2026-05-18 07:43:19,USR_1147,112.49
ORD_52301,2026-05-18 23:23:09,USR_1069,198.4
ORD_85938,2026-05-18 07:25:19,USR_1129,133.49
ORD_68609,2026-05-18 17:08:07,USR_1059,69.32
ORD_77468,2026-05-18 00:19:35,USR_1131,209.96
ORD_67598,2026-05-18 08:30:02,USR_1008,50.81
ORD_60456,2026-05-18 10:11:58,USR_1005,149.96
ORD_91568,2026-05-18 09:52:31,USR_1079,42.72
ORD_55120,2026-05-18 17:18:15,USR_1099,60.81
ORD_90754,2026-05-18 00:31:53,USR_1025,44.81
ORD_77138,2026-05-18 02:04:02,USR_1008,225.45
ORD_57271,2026-05-18 04:23:22,USR_1064,249.72
ORD_80823,2026-05-18 06:40:15,USR_1057,232.28
ORD_58612,2026-05-18 04:54:23,USR_1028,107.92
ORD_83665,2026-05-19 14:45:38,USR_1122,147.88
ORD_87175,2026-05-19 23:57:10,USR_1074,162.53
ORD_71367,2026-05-19 14:43:29,USR_1032,211.73
ORD_76884,2026-05-19 09:51:45,USR_1146,242.06
ORD_87232,2026-05-19 08:43:44,USR_1133,151.5
ORD_63208,2026-05-19 21:07:17,USR_1098,177.67
ORD_98041,2026-05-19 16:39:21,USR_1099,22.05
ORD_56342,2026-05-19 01:52:06,USR_1131,47.31
ORD_99756,2026-05-19 03:07:46,USR_1084,135.29
ORD_95135,2026-05-19 20:03:52,USR_1068,229.36
ORD_53986,2026-05-19 23:00:52,USR_1029,223.17
ORD_97409,2026-05-19 03:07:27,USR_1143,26.81
ORD_51924,2026-05-19 06:25:22,USR_1032,40.6
ORD_71305,2026-05-19 23:51:58,USR_1109,120.1
ORD_72919,2026-05-19 18:12:06,USR_1038,79.68
ORD_50248,2026-05-19 06:10:39,USR_1081,110.68
ORD_68091,2026-05-19 18:34:27,USR_1039,216.86
ORD_57133,2026-05-19 02:57:02,USR_1003,28.39
ORD_67817,2026-05-19 18:36:08,USR_1032,74.12
ORD_61276,2026-05-19 23:13:22,USR_1065,152.21
ORD_96547,2026-05-19 00:38:43,USR_1031,43.25
ORD_50165,2026-05-19 22:19:39,USR_1037,126.63
ORD_76552,2026-05-19 18:19:55,USR_1016,25.34
ORD_63279,2026-05-19 18:06:28,USR_1025,247.11
ORD_68089,2026-05-19 05:58:01,USR_1051,38.44
ORD_99100,2026-05-19 03:55:16,USR_1106,30.49
ORD_94302,2026-05-19 12:18:50,USR_1042,148.37
ORD_94153,2026-05-19 01:28:51,USR_1073,145.82
ORD_73899,2026-05-19 14:11:01,USR_1030,76.56
ORD_75453,2026-05-19 05:11:39,USR_1082,209.39
ORD_85509,2026-05-19 07:44:16,USR_1147,51.5
ORD_53070,2026-05-19 00:23:20,USR_1080,217.37
ORD_60142,2026-05-19 08:33:17,USR_1087,103.32
ORD_69374,2026-05-19 13:43:35,USR_1098,24.34
ORD_54430,2026-05-19 09:08:52,USR_1002,129.99
ORD_73470,2026-05-19 07:33:09,USR_1106,179.07
ORD_84296,2026-05-19 22:08:10,USR_1104,231.26
ORD_98641,2026-05-19 00:14:51,USR_1051,152.87
ORD_82780,2026-05-19 00:21:01,USR_1014,189.45
ORD_55044,2026-05-19 21:42:06,USR_1040,120.36
ORD_86207,2026-05-19 06:00:39,USR_1075,86.46
ORD_61808,2026-05-19 13:39:39,USR_1026,63.05
ORD_76063,2026-05-19 16:10:21,USR_1144,27.48
ORD_95922,2026-05-19 22:26:21,USR_1057,49.26
ORD_92743,2026-05-19 05:46:01,USR_1099,71.11
ORD_99081,2026-05-19 06:16:21,USR_1125,80.9
ORD_55095,2026-05-19 06:11:23,USR_1139,58.16
ORD_52267,2026-05-19 13:32:25,USR_1138,151.66
ORD_97801,2026-05-19 02:28:08,USR_1039,46.11
ORD_66095,2026-05-19 14:45:56,USR_1049,193.66
ORD_57726,2026-05-19 21:07:56,USR_1113,238.82
ORD_75161,2026-05-19 17:32:21,USR_1016,228.48
ORD_56408,2026-05-19 06:39:24,USR_1087,163.09
ORD_87426,2026-05-19 05:11:26,USR_1058,26.08
ORD_93659,2026-05-19 11:35:04,USR_1069,88.89
ORD_94263,2026-05-19 09:10:36,USR_1039,164.5
ORD_98419,2026-05-19 15:48:17,USR_1134,141.99
ORD_88305,2026-05-19 14:45:24,USR_1004,48.83
ORD_86206,2026-05-19 19:26:22,USR_1090,122.86
ORD_66101,2026-05-19 14:59:00,USR_1064,202.37
ORD_92934,2026-05-19 09:58:12,USR_1073,159.26
ORD_67188,2026-05-19 15:13:11,USR_1104,111.66
ORD_99824,2026-05-19 02:26:36,USR_1019,31.48
ORD_59408,2026-05-19 21:33:58,USR_1097,234.31
ORD_69639,2026-05-19 14:57:36,USR_1003,241.95
ORD_95386,2026-05-19 17:08:15,USR_1008,117.06
ORD_61055,2026-05-19 18:01:15,USR_1046,29.47
ORD_78434,2026-05-19 05:00:10,USR_1044,65.51
ORD_91013,2026-05-19 09:43:11,USR_1003,221.11
ORD_84245,2026-05-19 11:07:00,USR_1056,124.79
ORD_80628,2026-05-19 13:41:09,USR_1138,226.1
ORD_95598,2026-05-19 13:35:03,USR_1115,129.34
ORD_65478,2026-05-19 11:14:56,USR_1005,86.71
ORD_82924,2026-05-20 02:59:35,USR_1110,95.69
ORD_70638,2026-05-20 06:11:29,USR_1006,190.63
ORD_53845,2026-05-20 23:14:07,USR_1030,179.73
ORD_91925,2026-05-20 21:32:55,USR_1083,89.57
ORD_95464,2026-05-20 08:27:53,USR_1037,200.05
ORD_50365,2026-05-20 02:46:08,USR_1128,217.81
ORD_84583,2026-05-20 14:05:09,USR_1087,223.1
ORD_50096,2026-05-20 21:08:15,USR_1026,41.43
ORD_54298,2026-05-20 16:16:32,USR_1052,167.34
ORD_69397,2026-05-20 16:34:01,USR_1102,59.99
ORD_55820,2026-05-20 16:41:15,USR_1132,165.21
ORD_58679,2026-05-20 21:35:09,USR_1120,113.41
ORD_91654,2026-05-20 00:34:52,USR_1030,124.95
ORD_88984,2026-05-20 06:24:07,USR_1055,94.99
ORD_74506,2026-05-20 06:31:23,USR_1075,171.25
ORD_92534,2026-05-20 06:40:24,USR_1063,160.31
ORD_83424,2026-05-20 16:01:32,USR_1069,213.29
ORD_68117,2026-05-20 19:56:12,USR_1030,139.09
ORD_54762,2026-05-20 14:06:20,USR_1042,115.9
ORD_86231,2026-05-20 12:34:36,USR_1055,93.74
ORD_78431,2026-05-20 17:24:59,USR_1047,105.6
ORD_86963,2026-05-20 14:32:28,USR_1017,188.15
ORD_75149,2026-05-20 17:08:44,USR_1008,211.55
ORD_82519,2026-05-20 23:55:49,USR_1123,22.93
ORD_77462,2026-05-20 17:52:05,USR_1089,34.29
ORD_80121,2026-05-20 05:21:35,USR_1123,64.48
ORD_93084,2026-05-20 17:10:55,USR_1123,179.87
ORD_68107,2026-05-20 10:24:10,USR_1062,46.96
ORD_95440,2026-05-20 01:28:57,USR_1131,164.52
ORD_89851,2026-05-20 00:47:10,USR_1100,93.99
ORD_72449,2026-05-20 12:19:38,USR_1097,186.15
ORD_97175,2026-05-20 10:56:51,USR_1124,29.79
ORD_59519,2026-05-20 19:42:37,USR_1023,65.93
ORD_93131,2026-05-21 10:03:17,USR_1102,75.42
ORD_67867,2026-05-21 05:22:03,USR_1080,129.8
ORD_76750,2026-05-21 22:30:36,USR_1124,204.9
ORD_50717,2026-05-21 19:21:00,USR_1139,155.19
ORD_59382,2026-05-21 07:53:28,USR_1060,166.99
ORD_62233,2026-05-21 07:18:34,USR_1028,152.13
ORD_80373,2026-05-21 14:18:48,USR_1012,50.6
ORD_68732,2026-05-21 12:43:23,USR_1035,30.08
ORD_86532,2026-05-21 20:17:48,USR_1131,40.83
ORD_68546,2026-05-21 21:41:57,USR_1072,223.85
ORD_54918,2026-05-21 12:38:47,USR_1045,78.8
ORD_80640,2026-05-21 13:41:13,USR_1081,179.71
ORD_76516,2026-05-21 23:26:33,USR_1076,214.95
ORD_85844,2026-05-21 08:35:20,USR_1082,125.8
ORD_62429,2026-05-21 20:33:11,USR_1041,75.64
ORD_76533,2026-05-21 05:15:10,USR_1053,150.07
ORD_65516,2026-05-21 16:46:24,USR_1112,128.88
ORD_69459,2026-05-21 22:28:44,USR_1058,68.86
ORD_71042,2026-05-21 18:01:45,USR_1123,96.22
ORD_79003,2026-05-21 03:05:06,USR_1014,230.41
ORD_50247,2026-05-21 11:48:16,USR_1056,48.59
ORD_64309,2026-05-21 06:43:55,USR_1115,127.51
ORD_97848,2026-05-21 07:26:28,USR_1106,233.57
ORD_52463,2026-05-21 22:23:34,USR_1073,39.51
ORD_79716,2026-05-21 18:05:29,USR_1129,58.41
ORD_73385,2026-05-21 05:50:57,USR_1010,172.34
ORD_96272,2026-05-21 03:50:07,USR_1019,79.27
ORD_93374,2026-05-21 18:26:43,USR_1072,157.36
ORD_97094,2026-05-21 04:49:09,USR_1033,43.19
ORD_72245,2026-05-21 19:58:15,USR_1073,149.35
ORD_91744,2026-05-21 07:03:30,USR_1044,210.14
ORD_82845,2026-05-21 05:55:05,USR_1016,214.87
ORD_87680,2026-05-21 02:49:51,USR_1078,127.53
ORD_58677,2026-05-21 04:21:50,USR_1139,108.36
ORD_89892,2026-05-21 01:40:28,USR_1057,26.99
ORD_87739,2026-05-21 21:05:05,USR_1149,219.64
ORD_82654,2026-05-21 07:28:55,USR_1003,151.8
ORD_99890,2026-05-21 23:19:42,USR_1149,210.53
ORD_51150,2026-05-21 08:31:06,USR_1090,84.48
ORD_99454,2026-05-21 15:30:37,USR_1000,135.2
ORD_77543,2026-05-21 04:44:06,USR_1070,44.38
ORD_69171,2026-05-21 19:59:56,USR_1107,212.89
ORD_84709,2026-05-21 13:59:55,USR_1023,245.8
ORD_72274,2026-05-21 03:18:25,USR_1097,209.37
ORD_80157,2026-05-21 20:31:42,USR_1039,74.18
ORD_67873,2026-05-21 05:31:59,USR_1058,92.76
ORD_70575,2026-05-21 10:14:04,USR_1113,116.77
ORD_80328,2026-05-21 11:27:14,USR_1134,192.26
ORD_86040,2026-05-21 18:01:08,USR_1099,58.56
ORD_60194,2026-05-21 07:40:53,USR_1052,140.78
ORD_71871,2026-05-21 08:40:22,USR_1007,165.37
ORD_51740,2026-05-21 20:40:19,USR_1034,207.56
ORD_70721,2026-05-21 08:10:52,USR_1011,75.8
ORD_50869,2026-05-21 22:22:59,USR_1090,178.82
ORD_72299,2026-05-21 17:44:29,USR_1025,94.27
ORD_84393,2026-05-21 23:01:55,USR_1081,168.05
ORD_70393,2026-05-21 17:26:44,USR_1071,80.58
ORD_59314,2026-05-21 21:56:25,USR_1009,143.68
ORD_77001,2026-05-21 08:28:40,USR_1131,87.14
ORD_55814,2026-05-21 08:31:01,USR_1130,149.94
ORD_55929,2026-05-21 12:05:13,USR_1058,60.26
ORD_91098,2026-05-21 14:11:01,USR_1031,169.57
ORD_50860,2026-05-21 17:45:07,USR_1113,20.68
ORD_68787,2026-05-21 05:54:32,USR_1019,36.52
ORD_66721,2026-05-21 03:37:27,USR_1076,182.2
ORD_51879,2026-05-21 21:33:35,USR_1051,197.25
ORD_86289,2026-05-21 09:47:43,USR_1112,243.55
ORD_69925,2026-05-21 10:00:27,USR_1089,34.41
ORD_78748,2026-05-21 23:25:42,USR_1046,131.77
ORD_76170,2026-05-21 12:12:04,USR_1065,221.25
ORD_65807,2026-05-21 17:32:03,USR_1046,127.83
ORD_70762,2026-05-21 13:03:16,USR_1029,127.31
ORD_85121,2026-05-21 07:05:11,USR_1135,186.31
ORD_58445,2026-05-21 16:38:10,USR_1011,117.35
ORD_61744,2026-05-21 05:12:56,USR_1095,236.68
ORD_76332,2026-05-21 11:28:58,USR_1065,246.11
ORD_68210,2026-05-21 15:28:03,USR_1052,216.16
ORD_74758,2026-05-21 01:22:36,USR_1081,30.85
ORD_62611,2026-05-21 02:46:15,USR_1053,152.45
ORD_50326,2026-05-21 07:54:40,USR_1113,118.49
ORD_53572,2026-05-21 06:20:05,USR_1068,59.99
ORD_65207,2026-05-21 22:47:12,USR_1070,163.02
ORD_74230,2026-05-21 14:44:32,USR_1099,240.9
ORD_67746,2026-05-21 08:00:08,USR_1103,221.98
ORD_60098,2026-05-21 07:36:51,USR_1086,192.03
ORD_55360,2026-05-21 10:33:47,USR_1099,97.91
ORD_63926,2026-05-21 05:43:55,USR_1057,94.52
ORD_99286,2026-05-21 03:42:40,USR_1060,161.66
ORD_59170,2026-05-21 03:30:28,USR_1004,147.86
ORD_76098,2026-05-21 14:05:30,USR_1031,245.18
ORD_55328,2026-05-22 20:48:54,USR_1029,195.13
ORD_54663,2026-05-22 19:26:49,USR_1072,187.53
ORD_93001,2026-05-22 14:35:27,USR_1072,215.14
ORD_85670,2026-05-22 05:54:23,USR_1038,112.97
ORD_63144,2026-05-22 01:13:07,USR_1036,48.06
ORD_85621,2026-05-22 15:30:39,USR_1122,67.24
ORD_69887,2026-05-22 18:03:23,USR_1052,249.16
ORD_54920,2026-05-22 04:50:46,USR_1124,234.79
ORD_78095,2026-05-22 22:09:03,USR_1111,87.75
ORD_68760,2026-05-22 02:55:13,USR_1127,199.97
ORD_73808,2026-05-22 06:06:41,USR_1000,51.95
ORD_89617,2026-05-22 21:17:06,USR_1091,117.96
ORD_91200,2026-05-22 10:17:33,USR_1094,44.37
ORD_95903,2026-05-22 08:07:24,USR_1096,29.32
ORD_59222,2026-05-22 23:15:02,USR_1124,51.18
ORD_68606,2026-05-22 05:53:27,USR_1058,147.9
ORD_52556,2026-05-22 19:09:56,USR_1091,82.77
ORD_66139,2026-05-22 20:11:59,USR_1026,182.04
ORD_91913,2026-05-22 16:08:49,USR_1042,86.53
ORD_56706,2026-05-22 19:05:42,USR_1007,225.84
ORD_83419,2026-05-22 14:56:53,USR_1044,39.55
ORD_57563,2026-05-22 08:06:13,USR_1142,154.59
ORD_76378,2026-05-22 05:20:13,USR_1056,209.06
ORD_95185,2026-05-22 19:51:22,USR_1145,166.66
ORD_53176,2026-05-22 10:52:35,USR_1096,35.34
ORD_64414,2026-05-22 08:07:53,USR_1014,52.2
ORD_61410,2026-05-22 11:46:55,USR_1136,227.22
ORD_53020,2026-05-22 06:37:46,USR_1021,108.98
ORD_80409,2026-05-22 17:41:05,USR_1077,40.01
ORD_63757,2026-05-22 19:44:26,USR_1030,107.96
ORD_73481,2026-05-22 01:13:21,USR_1031,89.48
ORD_81930,2026-05-22 03:53:26,USR_1057,132.56
ORD_62072,2026-05-22 23:32:53,USR_1047,106.66
ORD_73193,2026-05-22 12:25:13,USR_1131,190.19
ORD_72552,2026-05-22 21:51:25,USR_1000,85.7
ORD_90257,2026-05-22 10:30:17,USR_1113,65.04
ORD_87715,2026-05-22 12:24:12,USR_1088,48.75
ORD_54861,2026-05-22 05:51:42,USR_1014,113.56
ORD_81314,2026-05-22 04:10:20,USR_1098,164.72
ORD_74808,2026-05-22 05:31:18,USR_1124,219.87
ORD_72336,2026-05-23 00:01:38,USR_1145,36.46
ORD_59049,2026-05-22 10:09:48,USR_1078,113.56
ORD_66869,2026-05-22 06:33:03,USR_1149,198.85
ORD_93040,2026-05-22 09:49:39,USR_1018,219.8
ORD_80385,2026-05-22 17:59:04,USR_1126,186.3
ORD_92580,2026-05-22 05:00:29,USR_1006,66.83
ORD_75867,2026-05-22 07:02:44,USR_1081,34.73
ORD_95307,2026-05-22 15:25:12,USR_1042,235.86
ORD_89281,2026-05-22 13:54:14,USR_1085,221.64
ORD_92800,2026-05-22 04:09:37,USR_1037,106.07
ORD_98086,2026-05-22 17:19:14,USR_1055,238.88
ORD_54026,2026-05-22 18:34:16,USR_1017,34.09
ORD_70824,2026-05-22 01:50:06,USR_1010,138.75
ORD_92325,2026-05-22 22:10:11,USR_1039,179.6
ORD_98224,2026-05-22 15:24:36,USR_1021,101.94
ORD_76226,2026-05-22 08:44:30,USR_1148,56.62
ORD_83938,2026-05-22 09:18:15,USR_1081,48.93
ORD_98948,2026-05-22 23:17:23,USR_1120,124.85
ORD_76654,2026-05-22 03:58:23,USR_1103,197.02
ORD_90903,2026-05-22 05:34:16,USR_1072,199.48
ORD_68645,2026-05-22 21:06:50,USR_1066,103.22
ORD_56303,2026-05-22 12:11:56,USR_1009,191.4
ORD_86458,2026-05-22 12:43:06,USR_1086,157.51
ORD_55849,2026-05-22 07:25:44,USR_1081,133.16
ORD_75192,2026-05-22 21:52:29,USR_1027,208.19
ORD_82640,2026-05-22 18:53:50,USR_1079,247.36
ORD_57506,2026-05-22 03:09:15,USR_1036,133.97
ORD_92955,2026-05-22 14:36:13,USR_1081,226.68
ORD_52471,2026-05-22 07:54:58,USR_1014,33.08
ORD_57468,2026-05-22 21:28:49,USR_1134,121.97
ORD_64436,2026-05-22 20:50:58,USR_1088,229.61
ORD_90165,2026-05-22 02:42:26,USR_1009,21.92
ORD_88307,2026-05-22 15:46:56,USR_1035,41.77
ORD_81838,2026-05-22 22:05:41,USR_1121,113.27
ORD_61265,2026-05-22 13:02:36,USR_1022,232.59
ORD_88255,2026-05-22 11:51:13,USR_1047,87.03
ORD_81475,2026-05-22 08:49:22,USR_1087,163.17
ORD_62318,2026-05-22 16:57:12,USR_1111,25.74
ORD_69064,2026-05-22 20:17:44,USR_1018,231.24
ORD_56082,2026-05-22 20:05:41,USR_1101,100.71
ORD_82196,2026-05-22 09:33:48,USR_1143,212.11
ORD_90996,2026-05-22 04:30:52,USR_1038,110.03
ORD_62388,2026-05-22 14:38:17,USR_1041,72.22
ORD_87631,2026-05-22 09:32:59,USR_1098,181.4
ORD_74931,2026-05-22 11:08:16,USR_1065,31.43
ORD_85977,2026-05-22 13:35:22,USR_1065,170.72
ORD_89982,2026-05-22 19:07:03,USR_1104,197.43
ORD_53904,2026-05-22 21:45:13,USR_1078,93.4
ORD_98025,2026-05-22 13:10:32,USR_1102,126.6
ORD_86852,2026-05-22 01:25:09,USR_1005,171.32
ORD_60935,2026-05-22 03:40:51,USR_1036,248.56
ORD_96852,2026-05-22 04:04:08,USR_1135,64.26
ORD_93618,2026-05-22 23:01:36,USR_1024,38.03
ORD_50925,2026-05-22 15:28:32,USR_1131,110.22
ORD_84800,2026-05-22 15:15:49,USR_1071,199.78
ORD_65878,2026-05-22 03:18:26,USR_1094,159.8
ORD_91203,2026-05-22 17:00:22,USR_1016,192.15
ORD_90307,2026-05-22 09:26:32,USR_1021,120.25
ORD_92107,2026-05-22 13:35:25,USR_1021,47.3
ORD_87172,2026-05-23 18:20:39,USR_1140,76.62
ORD_72692,2026-05-23 05:00:33,USR_1113,168.0
ORD_70827,2026-05-23 21:40:39,USR_1014,78.49
ORD_53623,2026-05-23 18:58:38,USR_1143,166.73
ORD_53114,2026-05-23 06:13:23,USR_1012,74.68
ORD_52926,2026-05-23 10:51:27,USR_1138,136.15
ORD_86056,2026-05-23 03:36:33,USR_1137,59.98
ORD_80530,2026-05-23 19:35:27,USR_1097,158.05
ORD_79933,2026-05-23 04:43:49,USR_1065,230.06
ORD_84674,2026-05-23 01:01:22,USR_1055,125.52
ORD_89324,2026-05-23 22:04:23,USR_1099,209.22
ORD_77895,2026-05-23 16:01:06,USR_1106,192.52
ORD_80065,2026-05-23 14:38:42,USR_1093,133.72
ORD_79955,2026-05-23 18:00:41,USR_1028,36.47
ORD_64861,2026-05-23 15:10:08,USR_1076,87.97
ORD_66400,2026-05-23 04:07:46,USR_1067,130.22
ORD_86123,2026-05-23 14:10:11,USR_1005,69.78
ORD_87791,2026-05-23 17:43:59,USR_1020,196.07
ORD_89210,2026-05-23 06:36:57,USR_1014,108.16
ORD_58407,2026-05-23 01:49:47,USR_1139,123.88
ORD_79412,2026-05-23 12:12:54,USR_1072,153.78
ORD_91408,2026-05-23 03:28:24,USR_1019,133.28
ORD_96565,2026-05-23 07:56:55,USR_1134,216.18
ORD_57459,2026-05-23 21:30:20,USR_1042,180.47
ORD_95288,2026-05-23 17:59:48,USR_1056,204.57
ORD_99134,2026-05-23 01:40:29,USR_1041,158.32
ORD_72414,2026-05-23 04:31:09,USR_1123,229.48
ORD_56966,2026-05-23 11:46:36,USR_1045,228.06
ORD_97404,2026-05-23 19:45:25,USR_1025,209.71
ORD_91263,2026-05-23 22:40:01,USR_1109,126.91
ORD_62332,2026-05-23 10:07:37,USR_1123,166.29
ORD_81340,2026-05-23 02:22:16,USR_1052,124.15
ORD_66097,2026-05-23 23:33:16,USR_1069,114.71
ORD_99858,2026-05-23 00:32:53,USR_1139,58.69
ORD_99410,2026-05-23 20:08:27,USR_1062,205.96
ORD_50528,2026-05-23 04:19:10,USR_1106,247.63
ORD_70384,2026-05-23 18:02:39,USR_1119,28.95
ORD_70940,2026-05-23 18:31:46,USR_1098,93.21
ORD_96604,2026-05-23 22:27:40,USR_1061,130.47
ORD_65185,2026-05-23 13:54:55,USR_1145,99.8
ORD_62574,2026-05-23 19:34:34,USR_1138,199.96
ORD_59751,2026-05-23 22:11:11,USR_1071,170.35
ORD_62538,2026-05-23 10:43:47,USR_1096,82.14
ORD_74309,2026-05-23 07:21:53,USR_1065,68.0
ORD_90712,2026-05-23 03:53:39,USR_1021,214.64
ORD_97395,2026-05-23 18:25:06,USR_1074,79.97
ORD_51090,2026-05-23 22:15:29,USR_1071,94.57
ORD_77635,2026-05-23 03:50:21,USR_1094,121.14
ORD_69756,2026-05-23 03:15:11,USR_1031,223.76
ORD_74532,2026-05-23 11:26:13,USR_1067,200.22
ORD_97577,2026-05-23 23:26:40,USR_1095,111.64
ORD_63125,2026-05-23 08:54:58,USR_1087,239.38
ORD_95182,2026-05-23 02:34:36,USR_1062,38.09
ORD_94751,2026-05-23 21:47:21,USR_1022,145.95
ORD_97852,2026-05-23 11:36:57,USR_1109,37.6
ORD_76975,2026-05-23 23:25:35,USR_1118,188.61
ORD_60752,2026-05-23 14:44:15,USR_1017,83.53
ORD_56259,2026-05-23 03:01:00,USR_1127,130.19
ORD_77420,2026-05-23 06:51:50,USR_1036,227.16
ORD_84001,2026-05-23 21:02:31,USR_1096,95.97
ORD_66921,2026-05-23 19:24:01,USR_1136,34.96
ORD_89863,2026-05-23 14:02:36,USR_1066,43.64
ORD_70604,2026-05-23 13:29:07,USR_1044,34.56
ORD_69862,2026-05-23 16:04:21,USR_1092,161.2
ORD_95532,2026-05-23 02:01:00,USR_1107,243.49
ORD_60488,2026-05-23 13:56:06,USR_1134,166.38
ORD_59957,2026-05-23 09:07:52,USR_1031,232.76
ORD_67759,2026-05-23 23:41:51,USR_1135,64.52
ORD_82331,2026-05-23 05:46:47,USR_1007,98.11
ORD_71933,2026-05-23 04:42:39,USR_1089,40.33
ORD_95076,2026-05-23 21:08:00,USR_1065,120.2
ORD_79019,2026-05-23 15:44:32,USR_1056,233.15
ORD_53438,2026-05-23 13:53:09,USR_1099,171.57
ORD_63586,2026-05-23 17:33:58,USR_1054,137.06
ORD_97071,2026-05-23 12:00:58,USR_1065,58.75
ORD_86752,2026-05-23 09:28:18,USR_1078,121.31
ORD_60410,2026-05-23 12:05:52,USR_1136,172.62
ORD_96434,2026-05-23 17:24:49,USR_1125,83.14
ORD_60255,2026-05-23 16:40:31,USR_1098,177.3
ORD_63536,2026-05-23 22:16:46,USR_1012,150.12
ORD_68400,2026-05-23 11:56:04,USR_1037,49.04
ORD_63368,2026-05-23 09:16:07,USR_1008,83.16
ORD_77317,2026-05-23 19:12:41,USR_1083,80.08
ORD_67519,2026-05-23 00:35:33,USR_1111,131.45
ORD_94748,2026-05-23 21:51:02,USR_1113,189.94
ORD_97359,2026-05-23 05:36:14,USR_1091,243.07
ORD_70973,2026-05-23 23:39:03,USR_1116,98.24
ORD_60827,2026-05-23 05:35:49,USR_1078,158.92
ORD_72970,2026-05-23 18:57:37,USR_1112,122.34
ORD_95477,2026-05-23 05:09:04,USR_1103,237.72
ORD_68857,2026-05-23 01:46:01,USR_1031,217.53
ORD_73094,2026-05-23 22:23:55,USR_1123,50.7
ORD_71548,2026-05-23 03:48:19,USR_1087,110.51
ORD_84793,2026-05-23 13:12:27,USR_1039,201.11
ORD_80475,2026-05-23 14:58:07,USR_1061,89.13
ORD_82056,2026-05-23 03:43:38,USR_1126,173.97
ORD_64205,2026-05-23 08:57:58,USR_1010,139.19
ORD_89877,2026-05-23 18:11:50,USR_1118,25.84
ORD_92349,2026-05-24 00:01:08,USR_1026,151.74
ORD_58705,2026-05-24 12:59:16,USR_1014,124.52
ORD_72459,2026-05-24 22:54:53,USR_1131,60.04
ORD_57091,2026-05-24 02:46:13,USR_1096,39.0
ORD_99727,2026-05-24 21:20:32,USR_1100,244.65
ORD_94986,2026-05-24 11:37:16,USR_1054,61.6
ORD_79500,2026-05-24 18:58:47,USR_1136,107.87
ORD_92471,2026-05-24 06:50:49,USR_1052,147.1
ORD_56535,2026-05-24 23:27:18,USR_1131,89.21
ORD_53910,2026-05-24 02:43:56,USR_1082,81.4
ORD_74456,2026-05-24 17:37:07,USR_1036,190.31
ORD_82701,2026-05-24 00:07:08,USR_1047,240.45
ORD_69647,2026-05-24 05:23:47,USR_1072,31.34
ORD_69488,2026-05-24 03:45:57,USR_1041,109.04
ORD_93385,2026-05-24 09:07:45,USR_1076,50.06
ORD_59319,2026-05-24 20:07:45,USR_1095,248.5
ORD_68110,2026-05-24 04:08:39,USR_1116,104.37
ORD_79401,2026-05-24 13:25:07,USR_1001,113.9
ORD_75243,2026-05-24 03:25:17,USR_1053,74.99
ORD_78546,2026-05-24 20:22:11,USR_1118,219.1
ORD_52923,2026-05-24 11:50:23,USR_1120,194.87
ORD_82759,2026-05-24 08:19:03,USR_1045,229.85
ORD_87045,2026-05-24 16:23:45,USR_1118,54.47
ORD_94584,2026-05-24 16:37:30,USR_1042,97.71
ORD_72863,2026-05-24 00:55:43,USR_1148,141.54
ORD_58664,2026-05-24 15:11:49,USR_1111,70.25
ORD_76625,2026-05-24 16:04:08,USR_1052,150.99
ORD_94853,2026-05-24 01:12:07,USR_1041,73.32
ORD_76288,2026-05-24 08:49:37,USR_1036,107.19
ORD_75676,2026-05-24 14:32:26,USR_1112,143.67
ORD_72324,2026-05-24 13:57:24,USR_1136,130.14
ORD_72941,2026-05-24 08:57:25,USR_1029,58.35
ORD_61824,2026-05-24 17:29:56,USR_1101,26.3
ORD_95853,2026-05-24 19:41:14,USR_1127,66.69
ORD_95978,2026-05-24 06:40:13,USR_1004,94.56
ORD_67633,2026-05-24 09:54:30,USR_1101,32.78
ORD_72390,2026-05-24 10:03:54,USR_1013,142.95
ORD_85055,2026-05-24 00:30:40,USR_1142,69.72
ORD_97341,2026-05-24 19:22:13,USR_1024,103.95
ORD_59790,2026-05-24 01:42:13,USR_1143,72.17
ORD_80582,2026-05-24 02:50:16,USR_1042,243.93
ORD_80654,2026-05-24 12:11:17,USR_1076,149.1
ORD_91638,2026-05-24 08:36:24,USR_1066,88.33
ORD_74667,2026-05-24 11:09:53,USR_1087,57.9
ORD_84992,2026-05-24 08:07:27,USR_1057,82.15
ORD_73221,2026-05-24 01:51:18,USR_1016,116.36
ORD_52166,2026-05-24 06:07:41,USR_1066,156.6
ORD_90001,2026-05-24 17:53:55,USR_1133,81.16
ORD_87696,2026-05-24 08:08:13,USR_1084,57.62
ORD_55401,2026-05-24 19:38:31,USR_1123,201.13
ORD_76645,2026-05-24 22:02:55,USR_1076,213.76
ORD_68621,2026-05-24 18:20:46,USR_1013,184.31
ORD_98453,2026-05-24 11:09:06,USR_1147,216.34
ORD_62984,2026-05-24 21:30:36,USR_1088,96.91
ORD_92443,2026-05-24 19:28:21,USR_1038,55.03
ORD_66349,2026-05-24 04:49:04,USR_1019,154.87
ORD_54481,2026-05-24 12:35:32,USR_1089,234.27
ORD_78218,2026-05-24 15:45:35,USR_1044,76.59
ORD_50050,2026-05-24 19:33:25,USR_1033,22.13
ORD_77526,2026-05-24 05:37:52,USR_1080,173.56
ORD_88853,2026-05-24 06:56:13,USR_1010,191.39
ORD_56433,2026-05-24 01:51:02,USR_1134,135.19
ORD_60506,2026-05-24 12:47:23,USR_1142,143.35
ORD_60262,2026-05-24 13:51:34,USR_1039,184.34
ORD_80022,2026-05-24 00:05:15,USR_1039,165.42
ORD_89817,2026-05-24 14:35:48,USR_1088,244.7
ORD_77384,2026-05-24 14:07:57,USR_1134,138.47
ORD_73220,2026-05-24 16:23:17,USR_1021,117.75
ORD_66314,2026-05-24 15:43:17,USR_1089,249.29
ORD_58827,2026-05-24 03:16:38,USR_1004,185.54
ORD_59409,2026-05-24 15:09:13,USR_1095,215.99
ORD_65525,2026-05-24 01:21:30,USR_1102,165.15
ORD_69074,2026-05-24 10:16:50,USR_1134,153.46
ORD_96784,2026-05-24 08:09:05,USR_1125,179.08
ORD_75394,2026-05-24 10:08:48,USR_1112,115.06
ORD_66371,2026-05-24 12:16:46,USR_1115,58.16
ORD_91224,2026-05-24 13:06:04,USR_1094,232.3
ORD_81968,2026-05-24 14:40:44,USR_1055,153.2
ORD_75748,2026-05-24 05:17:41,USR_1066,145.17
ORD_76788,2026-05-24 13:51:41,USR_1063,173.99
ORD_74796,2026-05-24 16:33:03,USR_1128,188.74
ORD_55144,2026-05-24 17:43:12,USR_1011,70.7
ORD_70450,2026-05-24 10:14:56,USR_1050,165.7
ORD_88485,2026-05-24 00:22:26,USR_1029,122.33
ORD_93291,2026-05-24 13:10:11,USR_1116,43.02
ORD_64076,2026-05-24 11:58:06,USR_1068,26.28
ORD_56982,2026-05-24 16:23:58,USR_1058,76.79
ORD_54640,2026-05-24 08:20:47,USR_1103,241.6
ORD_50794,2026-05-24 23:10:01,USR_1132,35.95
ORD_52423,2026-05-24 17:43:31,USR_1123,207.65
ORD_64995,2026-05-24 08:29:16,USR_1132,236.23
ORD_75291,2026-05-24 11:21:08,USR_1089,69.32
ORD_97032,2026-05-24 03:48:05,USR_1069,136.51
ORD_60055,2026-05-24 05:34:03,USR_1143,212.19
ORD_65822,2026-05-24 17:28:04,USR_1020,247.94
ORD_58211,2026-05-24 00:14:08,USR_1081,126.38
ORD_76256,2026-05-24 00:55:10,USR_1067,110.42
ORD_91182,2026-05-24 07:36:49,USR_1075,172.4
ORD_53512,2026-05-24 13:11:58,USR_1044,109.57
ORD_77215,2026-05-24 00:16:27,USR_1020,117.55
ORD_50079,2026-05-24 09:24:41,USR_1022,216.75
ORD_93647,2026-05-24 01:43:46,USR_1135,216.35
ORD_54601,2026-05-24 18:00:16,USR_1081,186.67
ORD_63980,2026-05-24 22:04:58,USR_1032,24.83
ORD_57626,2026-05-24 17:30:59,USR_1048,115.1
ORD_50979,2026-05-24 18:28:28,USR_1081,119.95
ORD_59169,2026-05-24 08:53:36,USR_1057,244.83
ORD_84094,2026-05-24 06:02:49,USR_1080,89.3
ORD_57611,2026-05-24 10:10:16,USR_1109,45.98
ORD_55581,2026-05-24 15:32:11,USR_1143,134.93
ORD_80668,2026-05-24 12:59:21,USR_1099,239.35
ORD_62468,2026-05-24 06:09:00,USR_1105,69.76
ORD_87437,2026-05-24 00:16:23,USR_1081,185.94
ORD_92790,2026-05-24 16:37:43,USR_1055,110.38
ORD_64625,2026-05-25 18:31:37,USR_1035,137.59
ORD_91725,2026-05-25 06:15:58,USR_1010,39.14
ORD_90940,2026-05-25 05:51:28,USR_1083,35.23
ORD_61332,2026-05-25 04:12:18,USR_1032,118.73
ORD_62478,2026-05-25 11:45:13,USR_1039,182.24
ORD_87638,2026-05-25 09:55:02,USR_1084,205.58
ORD_63522,2026-05-25 04:32:47,USR_1078,22.13
ORD_77058,2026-05-25 03:39:40,USR_1076,52.82
ORD_70830,2026-05-25 06:12:18,USR_1030,102.49
ORD_95633,2026-05-25 07:07:41,USR_1084,180.57
ORD_79172,2026-05-25 16:14:29,USR_1010,70.84
ORD_78296,2026-05-25 00:44:56,USR_1030,212.46
ORD_73109,2026-05-25 13:25:13,USR_1011,94.98
ORD_83686,2026-05-25 04:15:31,USR_1051,21.79
ORD_56935,2026-05-25 18:30:05,USR_1071,109.8
ORD_71519,2026-05-25 04:16:50,USR_1026,165.68
ORD_59537,2026-05-25 14:22:43,USR_1056,175.62
ORD_85789,2026-05-25 18:43:29,USR_1131,169.95
ORD_92111,2026-05-25 21:24:35,USR_1118,177.32
ORD_87993,2026-05-25 10:51:24,USR_1066,77.38
ORD_96140,2026-05-25 23:46:19,USR_1118,206.85
ORD_82563,2026-05-25 20:52:02,USR_1057,232.04
ORD_64292,2026-05-25 12:02:04,USR_1134,91.17
ORD_85035,2026-05-25 16:58:22,USR_1000,133.14
ORD_52832,2026-05-25 06:54:38,USR_1085,176.89
ORD_65590,2026-05-25 06:50:35,USR_1022,56.48
ORD_88943,2026-05-25 11:26:15,USR_1115,55.85
ORD_52746,2026-05-25 01:14:30,USR_1088,179.82
ORD_98165,2026-05-25 23:08:09,USR_1122,26.82
ORD_81934,2026-05-25 01:52:49,USR_1104,134.94
ORD_86884,2026-05-25 18:56:28,USR_1062,224.65
ORD_63579,2026-05-25 23:26:21,USR_1044,28.89
ORD_60721,2026-05-25 21:17:16,USR_1064,157.8
ORD_65152,2026-05-25 04:11:29,USR_1060,193.63
ORD_81482,2026-05-25 21:03:24,USR_1086,71.6
ORD_79157,2026-05-25 02:00:12,USR_1138,143.15
ORD_60971,2026-05-25 07:03:53,USR_1040,245.6
ORD_77325,2026-05-25 21:07:52,USR_1003,214.27
ORD_53464,2026-05-25 00:09:25,USR_1122,127.66
ORD_60162,2026-05-25 15:49:42,USR_1036,145.52
ORD_54666,2026-05-25 14:32:41,USR_1102,178.01
ORD_63190,2026-05-25 15:28:47,USR_1085,22.43
ORD_58074,2026-05-25 17:12:11,USR_1149,140.45
ORD_76142,2026-05-25 06:22:03,USR_1069,39.14
ORD_83714,2026-05-25 09:32:45,USR_1120,20.27
ORD_54415,2026-05-25 16:30:56,USR_1013,95.33
ORD_53150,2026-05-25 01:52:29,USR_1127,22.72
ORD_99051,2026-05-25 23:38:01,USR_1082,156.85
ORD_68626,2026-05-25 05:31:36,USR_1072,39.18
ORD_88550,2026-05-25 19:00:03,USR_1020,83.26
ORD_53719,2026-05-25 05:18:21,USR_1023,179.04
ORD_99765,2026-05-25 07:39:31,USR_1116,21.91
ORD_60745,2026-05-25 12:37:11,USR_1084,88.2
ORD_94766,2026-05-25 20:55:42,USR_1072,128.21
ORD_61436,2026-05-25 09:19:27,USR_1098,21.13
ORD_61857,2026-05-25 06:41:19,USR_1036,162.94
ORD_80843,2026-05-25 15:27:55,USR_1138,140.69
ORD_89457,2026-05-25 00:10:28,USR_1034,178.99
ORD_66331,2026-05-25 15:51:14,USR_1116,106.68
ORD_54069,2026-05-25 02:33:53,USR_1061,219.6
ORD_65208,2026-05-25 16:57:52,USR_1107,219.27
ORD_73078,2026-05-25 02:28:32,USR_1116,220.61
ORD_95675,2026-05-25 19:50:56,USR_1142,37.84
ORD_78377,2026-05-25 10:54:33,USR_1096,73.28
ORD_61229,2026-05-25 01:03:54,USR_1141,37.49
ORD_78350,2026-05-25 20:14:31,USR_1004,67.84
ORD_81661,2026-05-25 05:15:47,USR_1038,21.45
ORD_72738,2026-05-25 00:17:22,USR_1068,166.68
ORD_60696,2026-05-25 16:51:13,USR_1032,91.8
ORD_56815,2026-05-25 14:58:31,USR_1009,87.43
ORD_92265,2026-05-25 15:09:12,USR_1073,111.94
ORD_96640,2026-05-25 10:50:35,USR_1058,67.66
ORD_80490,2026-05-25 06:31:04,USR_1084,101.02
ORD_77038,2026-05-25 22:24:47,USR_1070,27.31
ORD_97081,2026-05-25 00:53:35,USR_1021,49.62
ORD_83066,2026-05-25 01:43:59,USR_1062,185.91
ORD_90930,2026-05-25 18:10:59,USR_1096,117.59
ORD_92502,2026-05-25 20:42:51,USR_1087,94.57
ORD_54043,2026-05-25 20:22:50,USR_1088,52.98
ORD_56309,2026-05-25 16:31:08,USR_1100,169.53
ORD_67175,2026-05-26 05:26:53,USR_1052,195.96
ORD_62356,2026-05-26 16:53:29,USR_1006,238.75
ORD_81355,2026-05-26 06:00:50,USR_1072,232.77
ORD_55713,2026-05-26 07:49:50,USR_1109,145.78
ORD_64666,2026-05-26 04:15:49,USR_1006,39.22
ORD_87905,2026-05-26 05:57:15,USR_1135,183.62
ORD_64218,2026-05-26 06:52:28,USR_1146,36.12
ORD_78248,2026-05-26 07:01:08,USR_1038,73.71
ORD_51977,2026-05-26 19:58:27,USR_1074,28.23
ORD_99787,2026-05-26 03:24:07,USR_1007,239.44
ORD_50341,2026-05-26 19:10:45,USR_1085,157.95
ORD_52132,2026-05-26 17:49:25,USR_1101,142.33
ORD_54763,2026-05-26 16:01:20,USR_1139,225.08
ORD_66743,2026-05-26 12:47:40,USR_1097,136.51
ORD_50455,2026-05-26 12:19:41,USR_1002,73.1
ORD_74094,2026-05-26 04:36:11,USR_1135,73.3
ORD_96932,2026-05-26 23:58:52,USR_1148,79.49
ORD_81054,2026-05-26 08:47:07,USR_1048,220.47
ORD_73291,2026-05-26 20:47:22,USR_1046,156.6
ORD_55540,2026-05-26 09:18:56,USR_1075,51.78
ORD_98659,2026-05-26 17:17:30,USR_1106,242.37
ORD_57703,2026-05-26 11:09:51,USR_1059,92.0
ORD_83710,2026-05-26 14:55:28,USR_1071,229.17
ORD_98343,2026-05-26 04:35:39,USR_1103,238.97
ORD_80719,2026-05-26 03:30:39,USR_1087,219.02
ORD_57918,2026-05-26 01:22:48,USR_1124,187.38
ORD_92698,2026-05-26 13:15:03,USR_1132,230.97
ORD_86733,2026-05-26 17:36:18,USR_1014,127.81
ORD_99476,2026-05-26 12:12:02,USR_1040,242.85
ORD_59725,2026-05-26 06:04:01,USR_1105,187.44
ORD_73658,2026-05-26 19:43:39,USR_1146,168.72
ORD_52397,2026-05-26 17:46:41,USR_1148,71.7
ORD_60128,2026-05-26 18:11:00,USR_1129,82.4
ORD_94118,2026-05-26 14:55:37,USR_1121,203.64
ORD_72939,2026-05-26 21:47:52,USR_1127,129.62
ORD_64593,2026-05-27 04:34:22,USR_1095,239.06
ORD_63758,2026-05-27 20:19:51,USR_1123,213.33
ORD_64227,2026-05-27 14:33:38,USR_1126,119.93
ORD_68411,2026-05-27 07:13:11,USR_1059,68.42
ORD_88826,2026-05-27 13:07:48,USR_1056,121.17
ORD_75273,2026-05-27 19:05:40,USR_1107,151.41
ORD_51973,2026-05-27 13:24:55,USR_1040,120.07
ORD_63984,2026-05-27 19:02:18,USR_1134,248.17
ORD_51497,2026-05-27 22:21:55,USR_1020,179.48
ORD_55288,2026-05-27 08:41:39,USR_1024,203.51
ORD_82388,2026-05-27 23:39:57,USR_1057,247.81
ORD_94345,2026-05-27 03:46:59,USR_1075,67.36
ORD_82151,2026-05-27 15:07:12,USR_1120,33.39
ORD_80653,2026-05-27 07:55:13,USR_1013,189.35
ORD_63402,2026-05-27 12:47:59,USR_1043,237.83
ORD_91294,2026-05-27 16:18:49,USR_1091,161.23
ORD_66707,2026-05-27 12:46:24,USR_1147,212.14
ORD_67303,2026-05-27 03:19:36,USR_1070,76.47
ORD_87398,2026-05-27 01:29:40,USR_1061,30.37
ORD_56692,2026-05-27 08:28:41,USR_1028,62.93
ORD_77499,2026-05-27 16:28:13,USR_1001,219.59
ORD_57588,2026-05-27 10:04:31,USR_1020,62.84
ORD_76789,2026-05-27 12:20:03,USR_1060,146.79
ORD_64642,2026-05-27 07:50:42,USR_1095,43.1
ORD_81583,2026-05-27 18:47:04,USR_1086,200.64
ORD_97449,2026-05-27 23:50:04,USR_1075,163.86
ORD_93271,2026-05-27 21:37:15,USR_1147,119.61
ORD_63369,2026-05-27 17:56:45,USR_1123,157.41
ORD_50452,2026-05-27 18:05:00,USR_1114,78.62
ORD_74287,2026-05-27 15:06:20,USR_1099,156.14
ORD_61934,2026-05-27 19:45:12,USR_1031,65.0
ORD_59872,2026-05-27 11:50:39,USR_1015,118.71
ORD_76513,2026-05-27 23:58:40,USR_1027,151.27
ORD_95337,2026-05-27 20:17:52,USR_1064,181.34
ORD_51955,2026-05-27 08:37:07,USR_1144,221.31
ORD_89637,2026-05-27 06:33:11,USR_1103,193.13
ORD_70214,2026-05-27 14:14:24,USR_1002,196.64
ORD_57077,2026-05-27 00:03:16,USR_1016,124.1
ORD_87922,2026-05-27 05:27:05,USR_1038,223.13
ORD_81569,2026-05-27 01:08:51,USR_1119,221.47
ORD_77989,2026-05-27 21:33:40,USR_1024,233.43
ORD_52794,2026-05-27 22:41:59,USR_1027,170.22
ORD_79599,2026-05-27 12:32:34,USR_1092,135.91
ORD_66353,2026-05-27 16:59:08,USR_1084,30.59
ORD_96318,2026-05-27 13:49:24,USR_1126,88.82
ORD_94827,2026-05-27 18:14:39,USR_1080,67.75
ORD_96487,2026-05-27 07:51:10,USR_1095,198.74
ORD_73751,2026-05-27 07:28:28,USR_1017,177.21
ORD_80631,2026-05-27 08:16:59,USR_1062,213.66
ORD_89305,2026-05-27 01:03:30,USR_1006,87.73
ORD_98081,2026-05-27 21:51:58,USR_1105,164.19
ORD_82711,2026-05-27 18:39:02,USR_1146,155.88
ORD_60969,2026-05-27 18:45:56,USR_1125,47.03
ORD_63548,2026-05-27 06:47:47,USR_1082,86.66
ORD_80135,2026-05-28 04:18:42,USR_1142,126.56
ORD_57873,2026-05-28 00:28:44,USR_1115,216.07
ORD_85204,2026-05-28 06:36:20,USR_1128,115.53
ORD_65178,2026-05-28 01:21:22,USR_1139,101.03
ORD_97644,2026-05-28 03:27:46,USR_1051,139.84
ORD_73686,2026-05-28 13:43:04,USR_1086,153.26
ORD_80226,2026-05-28 07:37:25,USR_1045,132.44
ORD_86398,2026-05-28 11:15:18,USR_1124,198.12
ORD_62582,2026-05-28 00:52:45,USR_1125,216.64
ORD_81536,2026-05-28 09:07:14,USR_1087,245.69
ORD_57578,2026-05-28 13:11:59,USR_1119,21.64
ORD_61985,2026-05-28 12:14:49,USR_1052,163.83
ORD_84324,2026-05-28 20:07:03,USR_1008,233.42
ORD_82517,2026-05-28 18:15:34,USR_1105,82.98
ORD_91485,2026-05-28 09:38:07,USR_1066,208.43
ORD_65816,2026-05-28 16:09:27,USR_1006,198.17
ORD_70632,2026-05-28 16:08:25,USR_1134,160.56
ORD_68133,2026-05-28 22:08:08,USR_1063,29.87
ORD_96302,2026-05-28 10:01:41,USR_1090,206.48
ORD_59609,2026-05-28 07:58:30,USR_1124,97.21
ORD_67194,2026-05-28 17:36:21,USR_1076,244.65
ORD_51423,2026-05-28 21:34:46,USR_1050,249.04
ORD_99559,2026-05-28 01:11:13,USR_1119,96.85
ORD_65673,2026-05-28 17:09:03,USR_1123,157.93
ORD_79222,2026-05-28 10:51:35,USR_1105,235.09
ORD_99403,2026-05-28 00:20:42,USR_1011,164.43
ORD_83573,2026-05-28 19:14:38,USR_1137,188.07
ORD_71532,2026-05-28 07:10:20,USR_1058,119.56
ORD_91000,2026-05-28 20:04:21,USR_1051,249.05
ORD_92531,2026-05-28 12:28:46,USR_1108,56.56
ORD_94736,2026-05-28 01:05:23,USR_1015,204.99
ORD_58278,2026-05-28 04:40:44,USR_1020,234.65
ORD_56879,2026-05-28 07:28:10,USR_1083,74.44
ORD_72180,2026-05-28 13:19:40,USR_1020,97.41
ORD_67157,2026-05-28 21:34:06,USR_1062,214.34
ORD_83450,2026-05-28 00:34:02,USR_1083,189.53
ORD_54063,2026-05-28 12:38:45,USR_1130,137.48
ORD_79623,2026-05-28 18:30:51,USR_1084,89.01
ORD_58688,2026-05-28 11:20:04,USR_1027,120.37
ORD_79517,2026-05-28 04:17:35,USR_1084,233.93
ORD_60029,2026-05-28 15:42:36,USR_1031,199.91
ORD_91744,2026-05-28 10:19:21,USR_1127,228.47
ORD_93124,2026-05-28 15:51:53,USR_1031,202.7
ORD_93793,2026-05-28 21:14:55,USR_1057,220.18
ORD_51601,2026-05-28 15:19:58,USR_1134,168.63
ORD_63409,2026-05-28 03:13:05,USR_1094,44.85
ORD_52789,2026-05-28 22:16:21,USR_1062,134.95
ORD_54114,2026-05-28 06:45:41,USR_1060,237.04
ORD_99003,2026-05-28 10:50:38,USR_1110,112.96
ORD_69814,2026-05-28 21:39:01,USR_1113,209.7
ORD_64236,2026-05-28 14:09:08,USR_1098,207.55
ORD_57978,2026-05-28 20:36:45,USR_1132,34.69
ORD_66741,2026-05-28 12:51:43,USR_1108,80.06
ORD_65429,2026-05-28 20:50:05,USR_1095,164.29
ORD_82110,2026-05-28 06:47:46,USR_1052,62.82
ORD_69000,2026-05-28 04:51:23,USR_1024,240.22
ORD_55033,2026-05-28 11:23:03,USR_1123,29.23
ORD_50179,2026-05-28 00:18:52,USR_1010,118.04
ORD_68473,2026-05-28 08:47:17,USR_1094,82.71
ORD_64506,2026-05-28 11:46:59,USR_1025,31.48
ORD_72348,2026-05-28 03:30:46,USR_1028,208.35
ORD_66888,2026-05-28 21:27:57,USR_1096,158.5
ORD_71892,2026-05-28 10:56:37,USR_1098,245.2
ORD_92469,2026-05-28 13:56:17,USR_1003,127.86
ORD_60493,2026-05-28 11:41:03,USR_1148,172.18
ORD_83589,2026-05-28 14:58:12,USR_1032,149.06
ORD_53260,2026-05-28 00:54:42,USR_1125,215.76
ORD_56590,2026-05-28 03:06:23,USR_1129,49.77
ORD_57872,2026-05-28 21:39:54,USR_1009,101.44
ORD_56936,2026-05-28 10:17:47,USR_1012,134.08
ORD_68491,2026-05-28 20:05:29,USR_1028,123.33
ORD_74434,2026-05-28 22:23:31,USR_1055,143.52
ORD_52365,2026-05-28 14:05:54,USR_1089,53.26
ORD_55835,2026-05-28 09:16:24,USR_1125,45.75
ORD_63951,2026-05-28 20:43:25,USR_1061,176.0
ORD_83041,2026-05-28 06:16:53,USR_1034,78.32
ORD_55420,2026-05-28 13:25:41,USR_1115,153.17
ORD_68147,2026-05-28 16:03:34,USR_1062,150.56
ORD_82436,2026-05-28 16:01:03,USR_1123,179.33
ORD_90095,2026-05-28 06:52:37,USR_1106,62.88
ORD_54420,2026-05-28 20:52:05,USR_1015,200.75
ORD_84378,2026-05-28 22:40:03,USR_1089,44.56
ORD_91134,2026-05-28 02:36:22,USR_1039,195.41
ORD_66381,2026-05-29 06:29:53,USR_1059,53.14
ORD_53318,2026-05-29 14:02:29,USR_1012,185.77
ORD_73427,2026-05-29 15:12:17,USR_1063,152.96
ORD_75098,2026-05-29 00:02:27,USR_1042,111.85
ORD_85966,2026-05-29 15:42:55,USR_1095,187.22
ORD_88331,2026-05-29 06:13:40,USR_1045,59.14
ORD_50448,2026-05-29 05:51:01,USR_1074,45.34
ORD_61036,2026-05-29 03:04:55,USR_1131,85.44
ORD_82977,2026-05-29 11:01:19,USR_1038,120.24
ORD_86683,2026-05-29 15:10:39,USR_1038,185.44
ORD_98154,2026-05-29 10:33:54,USR_1139,222.72
ORD_80786,2026-05-29 01:06:31,USR_1109,182.92
ORD_94119,2026-05-29 01:54:03,USR_1061,24.29
ORD_64387,2026-05-29 21:38:13,USR_1124,180.84
ORD_93949,2026-05-29 20:15:01,USR_1097,169.06
ORD_98338,2026-05-29 22:50:15,USR_1117,129.96
ORD_90251,2026-05-29 01:28:22,USR_1059,38.19
ORD_96341,2026-05-29 02:57:08,USR_1081,77.37
ORD_50752,2026-05-29 12:38:26,USR_1018,74.67
ORD_55254,2026-05-29 01:27:50,USR_1028,52.18
ORD_98609,2026-05-29 16:05:33,USR_1134,175.19
ORD_85064,2026-05-29 07:56:06,USR_1022,226.46
ORD_84901,2026-05-29 15:44:29,USR_1060,207.23
ORD_60031,2026-05-29 10:51:17,USR_1033,35.58
ORD_67156,2026-05-29 11:06:23,USR_1064,50.98
ORD_91440,2026-05-29 15:25:20,USR_1108,167.55
ORD_51350,2026-05-29 06:59:41,USR_1016,172.89
ORD_95380,2026-05-29 04:52:07,USR_1120,117.35
ORD_98205,2026-05-29 21:52:36,USR_1125,117.41
ORD_64734,2026-05-29 20:54:22,USR_1116,136.54
ORD_64637,2026-05-29 11:38:36,USR_1116,210.51
ORD_97704,2026-05-29 10:14:19,USR_1137,199.14
ORD_97205,2026-05-29 12:05:34,USR_1061,172.19
ORD_64935,2026-05-29 21:15:51,USR_1114,236.93
ORD_68291,2026-05-29 02:00:17,USR_1117,148.55
ORD_67496,2026-05-29 06:47:34,USR_1088,174.97
ORD_82986,2026-05-29 10:18:50,USR_1115,180.67
ORD_70357,2026-05-29 13:22:44,USR_1005,239.09
ORD_64914,2026-05-29 23:56:38,USR_1066,203.56
ORD_87592,2026-05-29 18:43:02,USR_1118,112.91
ORD_58172,2026-05-29 09:01:58,USR_1067,137.32
ORD_65861,2026-05-29 06:03:52,USR_1005,76.52
ORD_95142,2026-05-29 16:46:56,USR_1120,88.08
ORD_66242,2026-05-29 04:09:05,USR_1002,132.42
ORD_86735,2026-05-29 11:17:19,USR_1093,207.75
ORD_95991,2026-05-29 04:31:38,USR_1036,115.01
ORD_61991,2026-05-29 19:18:55,USR_1094,242.52
ORD_95459,2026-05-29 06:59:49,USR_1049,137.57
ORD_51836,2026-05-29 07:32:07,USR_1132,26.96
ORD_78468,2026-05-29 15:51:18,USR_1098,88.46
ORD_74893,2026-05-29 07:35:49,USR_1074,170.24
ORD_78859,2026-05-29 01:36:13,USR_1111,127.81
ORD_66951,2026-05-29 04:48:59,USR_1130,234.92
ORD_82727,2026-05-29 09:45:29,USR_1117,118.3
ORD_61357,2026-05-29 11:10:49,USR_1129,221.44
ORD_56977,2026-05-29 16:21:27,USR_1036,121.07
ORD_63675,2026-05-29 19:16:46,USR_1033,69.05
ORD_75522,2026-05-29 16:49:21,USR_1071,187.53
ORD_72184,2026-05-29 04:47:56,USR_1074,176.21
ORD_67885,2026-05-29 21:25:18,USR_1125,130.75
ORD_79937,2026-05-29 06:40:01,USR_1053,208.58
ORD_87910,2026-05-29 07:04:29,USR_1107,197.04
ORD_75077,2026-05-29 02:29:38,USR_1145,173.29
ORD_51214,2026-05-29 13:36:18,USR_1105,145.15
ORD_99321,2026-05-29 01:01:21,USR_1031,140.16
ORD_73643,2026-05-29 07:40:00,USR_1083,46.45
ORD_68547,2026-05-29 07:10:30,USR_1141,223.78
ORD_59583,2026-05-29 11:14:59,USR_1141,228.53
ORD_67742,2026-05-29 20:16:15,USR_1136,92.37
ORD_53433,2026-05-29 16:19:39,USR_1055,124.54
ORD_63949,2026-05-30 00:44:26,USR_1148,206.58
ORD_52851,2026-05-30 11:47:42,USR_1007,189.36
ORD_55199,2026-05-30 03:01:47,USR_1117,120.43
ORD_99827,2026-05-30 11:51:33,USR_1134,54.33
ORD_64339,2026-05-30 07:33:39,USR_1034,67.14
ORD_66945,2026-05-30 04:29:36,USR_1035,238.06
ORD_77373,2026-05-30 09:42:12,USR_1118,88.24
ORD_92788,2026-05-30 19:58:20,USR_1079,105.23
ORD_72414,2026-05-30 17:31:00,USR_1128,174.38
ORD_59410,2026-05-30 20:53:55,USR_1142,135.29
ORD_95019,2026-05-30 17:03:30,USR_1001,119.16
ORD_68063,2026-05-30 22:08:27,USR_1137,200.58
ORD_53644,2026-05-30 15:07:16,USR_1022,79.1
ORD_72518,2026-05-30 11:39:53,USR_1145,110.32
ORD_85796,2026-05-30 12:37:55,USR_1115,240.26
ORD_54475,2026-05-30 23:57:13,USR_1138,172.79
ORD_77824,2026-05-30 14:06:46,USR_1031,80.66
ORD_73716,2026-05-30 21:34:25,USR_1100,140.8
ORD_82404,2026-05-30 17:32:14,USR_1033,170.65
ORD_93280,2026-05-30 02:49:20,USR_1048,144.21
ORD_69971,2026-05-30 23:12:58,USR_1146,59.45
ORD_85288,2026-05-30 05:41:12,USR_1082,75.33
ORD_50256,2026-05-30 09:00:10,USR_1131,80.95
ORD_86520,2026-05-30 11:01:49,USR_1022,42.12
ORD_92144,2026-05-30 06:21:16,USR_1084,129.18
ORD_59098,2026-05-30 09:00:49,USR_1118,182.79
ORD_87315,2026-05-30 02:31:45,USR_1056,166.42
ORD_95131,2026-05-30 20:35:25,USR_1033,231.36
ORD_96281,2026-05-30 06:35:46,USR_1022,211.64
ORD_66477,2026-05-30 14:16:24,USR_1000,184.94
ORD_99191,2026-05-30 16:15:32,USR_1055,63.32
ORD_77600,2026-05-30 04:24:45,USR_1061,86.54
ORD_99854,2026-05-30 23:14:41,USR_1056,169.16
ORD_63370,2026-05-30 10:49:17,USR_1119,91.9
ORD_75897,2026-05-30 23:20:30,USR_1056,150.95
ORD_58380,2026-05-30 09:55:00,USR_1144,56.74
ORD_88688,2026-05-30 02:06:44,USR_1120,55.71
ORD_93986,2026-05-30 20:23:37,USR_1031,91.62
ORD_80660,2026-05-30 09:29:44,USR_1117,231.86
ORD_87963,2026-05-30 07:40:35,USR_1135,95.21
ORD_60409,2026-05-30 06:43:45,USR_1083,123.02
ORD_66422,2026-05-30 20:01:11,USR_1043,82.52
ORD_67896,2026-05-30 03:03:30,USR_1058,173.46
ORD_67554,2026-05-30 03:42:46,USR_1148,190.48
ORD_94135,2026-05-30 23:31:14,USR_1126,40.94
ORD_61007,2026-05-30 23:12:45,USR_1141,60.81
ORD_63930,2026-05-30 00:13:55,USR_1087,213.87
ORD_81520,2026-05-30 06:21:42,USR_1130,229.22
ORD_84933,2026-05-30 16:57:47,USR_1034,131.01
ORD_87217,2026-05-30 23:56:02,USR_1072,164.23
ORD_75190,2026-05-30 09:40:47,USR_1047,183.62
